ID,QnWeight_initial,PC1_cov,Prop_Qn_Weight_Loss,Survived_eclosion,Days_wrkr_eclosion_minus20,Cmass_eclosion,Survived_e_6wks,Cmass_6wks,Prop_gr_1_2,IR,SH,HL,MLH
1,15.8,0.032140423,NA,0,NA,NA,NA,NA,NA,-0.1919695,1.2064,0.3774,0.5340909090909091
2,16.5,0.017620319,0.503030303,1,1,117,1,571,4.88034188, 0.0214441,1.1093,0.4349,0.5
3,11.9,NA,0.596638655,1,2,73,NA,450,6.164383562,NA,NA,NA,NA
4,13.7,-0.093448167,NA,0,NA,NA,NA,NA,NA, 0.0886954,0.9220,0.5091,0.4050632911392405
5,12.9,0.043842677,0.565891473,1,6,53,NA,NA,NA,NA,NA,NA,NA
6,15.5,-0.089198322,NA,0,NA,NA,NA,NA,NA,NA,NA,NA,NA
7,15,-0.051090375,0.446666667,1,3,91,1,736,8.087912088, 0.4221713,0.6430,0.6187,0.29850746268656714
8,11.9,-0.04364307,0.445378151,1,2,85,NA,NA,NA,NA,NA,NA,NA
9,15.3,0.001188913,0.509803922,1,0,111,NA,NA,NA, 0.0869788,0.9284,0.5168,0.410958904109589
10,13.7,NA,0.408759124,1,2,96,NA,NA,NA, 0.2716466,0.7225,0.6405,0.29310344827586204
11,15.3,NA,NA,0,NA,NA,NA,NA,NA,NA,NA,NA,NA
12,15.8,-0.144868599,0.462025316,1,0,112,NA,NA,NA, 0.0289674,0.9866,0.4691,0.4421052631578947
13,16.3,-0.000260992,0.552147239,1,1,90,1,438,4.866666667,-0.0291414,1.0804,0.4555,0.48
14,15.9,0.008502255,0.509433962,1,0,112,NA,NA,NA,-0.1739616,1.2226,0.3444,0.5543478260869565
15,15.1,-0.00346349,0.456953642,1,0,120,NA,NA,NA,-0.0215773,1.0315,0.4908,0.45348837209302323
16,14.5,0.017208373,0.455172414,1,0,110,1,711,6.463636364,-0.1473209,1.1953,0.3819,0.5353535353535354
17,14.4,0.004301855,0.506944444,1,1,109,NA,NA,NA, 0.0370336,1.0070,0.4846,0.44329896907216493
18,15.7,0.004420431,NA,1,NA,NA,NA,NA,NA, 0.2545840,0.6991,0.6256,0.3048780487804878
19,15.4,-0.029429977,NA,0,NA,NA,NA,NA,NA,NA,NA,NA,NA
20,14.4,-0.007564124,0.486111111,1,0,99,1,537,5.424242424, 0.0332632,1.0264,0.4638,0.4574468085106383
21,13.3,NA,0.473684211,1,7,86,0,NA,NA,-0.0203844,1.0265,0.4778,0.45555555555555555
22,14.8,0.174388101,0.513513514,1,1,108,1,844,7.814814815, 0.1524175,0.8865,0.5219,0.3978494623655914
23,15.1,-0.142412328,0.516556291,1,0,109,NA,NA,NA,-0.0514510,1.1184,0.4330,0.4942528735632184
24,15.1,0.064935852,0.582781457,1,1,87,NA,NA,NA,-0.0612144,1.0940,0.4470,0.48314606741573035
25,14.7,-0.052174354,0.537414966,1,0,108,NA,NA,NA, 0.1617955,0.8290,0.5640,0.37777777777777777
26,11.2,-0.040909634,NA,0,NA,NA,NA,NA,NA,NA,NA,NA,NA
27,15.8,NA,0.474683544,1,1,116,1,560,4.827586207, 0.0354173,1.0142,0.4899,0.4574468085106383
28,17.8,0.005180317,0.43258427,1,2,137,1,561,4.094890511, 0.0904954,0.9824,0.4612,0.44565217391304346
29,16.4,0.05728222,0.432926829,1,2,108,NA,NA,NA, 0.3344705,0.6793,0.6542,0.3
30,16.6,0.020858634,NA,0,NA,NA,NA,NA,NA,NA,NA,NA,NA
31,13.4,0.041215822,NA,0,NA,NA,NA,NA,NA, 0.0990583,0.9188,0.5162,0.41237113402061853
32,10.8,NA,NA,1,NA,NA,NA,NA,NA,NA,NA,NA,NA
33,15.1,0.012445955,NA,0,NA,NA,NA,NA,NA,NA,NA,NA,NA
34,15.1,-0.002449455,0.569536424,1,2,93,1,594,6.387096774, 0.1985931,0.7853,0.5549,0.3548387096774194
35,15.7,NA,NA,0,NA,NA,NA,NA,NA,NA,NA,NA,NA
36,11.1,0.011379015,NA,0,NA,NA,NA,NA,NA,NA,NA,NA,NA
37,14.8,-0.040942923,0.445945946,1,3,96,NA,NA,NA, 0.0419539,1.0352,0.4928,0.46464646464646464
38,14.2,-0.082284946,0.485915493,1,2,98,1,457,4.663265306,-0.0159598,1.0648,0.4471,0.4742268041237113
39,12.7,-0.173656321,0.543307087,1,2,87,NA,NA,NA, 0.1159526,0.9654,0.4959,0.43010752688172044
40,17.9,0.022723036,NA,0,NA,NA,NA,NA,NA,-0.0057495,1.0366,0.4523,0.46078431372549017
41,16.2,-0.061326436,0.543209877,1,0,111,NA,NA,NA,-0.1811458,1.2044,0.3511,0.5416666666666666
42,14.2,NA,NA,0,NA,NA,NA,NA,NA,NA,NA,NA,NA
43,15,0.030309309,0.46,1,1,114,NA,NA,NA,-0.0780719,1.0958,0.3983,0.4946236559139785
44,15.1,0.005131715,NA,0,NA,NA,NA,NA,NA, 0.0881547,0.9962,0.5008,0.44680851063829785
45,15.3,-0.000863968,0.607843137,1,NA,11,NA,NA,NA, 0.0657532,0.9121,0.4869,0.41379310344827586
46,16.3,0.072619369,0.435582822,1,0,123,NA,NA,NA, 0.0616675,1.0687,0.4744,0.46296296296296297
47,15.5,-0.004117635,0.529032258,1,0,113,NA,NA,NA, 0.0552517,0.9716,0.4666,0.42696629213483145
48,16.3,0.008237871,0.429447853,1,0,130,1,714,5.492307692,-0.0484146,1.1149,0.4515,0.49473684210526314
49,17,NA,0.470588235,1,0,134,NA,NA,NA,-0.0412510,1.1570,0.4228,0.5222222222222223
50,15.9,0.025469259,NA,0,NA,NA,NA,NA,NA,NA,NA,NA,NA
51,15.1,0.233237083,NA,0,NA,NA,NA,NA,NA,NA,NA,NA,NA
52,14.9,0.043434984,0.489932886,1,3,96,NA,NA,NA,-0.0029416,1.0234,0.4772,0.4606741573033708
53,15.4,0.002410207,NA,0,NA,NA,NA,NA,NA,NA,NA,NA,NA
54,12.9,0.017884698,NA,0,NA,NA,NA,NA,NA,NA,NA,NA,NA
55,16.5,0.070046253,0.563636364,1,3,15,NA,NA,NA,-0.1677516,1.1573,0.3771,0.524390243902439
56,12.8,-0.039613297,0.515625,1,3,74,NA,NA,NA,-0.1162207,1.1332,0.4005,0.5064935064935064
57,16,0.06974859,NA,0,NA,NA,NA,NA,NA,NA,NA,NA,NA
58,16.2,0.067265888,NA,0,NA,NA,NA,NA,NA,NA,NA,NA,NA
59,13.4,-0.048651134,0.47761194,1,1,75,NA,NA,NA,-0.0955321,1.1328,0.4187,0.5057471264367817
60,14.5,0.051537272,0.496551724,1,0,96,NA,NA,NA, 0.1309460,0.8952,0.5360,0.3953488372093023
61,14.7,0.053422964,0.530612245,1,2,88,NA,NA,NA, 0.0918111,0.9371,0.5467,0.41935483870967744
62,14.8,0.013466819,NA,0,NA,NA,NA,NA,NA, 0.0138634,1.0246,0.4657,0.45652173913043476
63,16,NA,0.475,1,1,122,1,417,3.418032787,-0.0353989,1.0581,0.4442,0.46938775510204084
64,16.5,0.045110007,NA,0,NA,NA,NA,NA,NA,NA,NA,NA,NA
65,13.1,0.017901705,0.458015267,1,0,101,NA,NA,NA, 0.1619232,0.8580,0.5614,0.375
66,15.5,0.023591231,0.561290323,1,1,83,NA,NA,NA, 0.0997261,0.9024,0.4869,0.4125
67,16.9,0.052481386,0.526627219,1,1,123,1,701,5.699186992, 0.3462264,0.6528,0.6198,0.29545454545454547
68,14.3,0.013041252,0.433566434,1,3,89,NA,NA,NA, 0.0077075,1.0326,0.5197,0.43636363636363634
69,12.3,0.042380835,0.504065041,1,1,85,NA,NA,NA,-0.0608089,1.0958,0.4223,0.4864864864864865
70,15.3,-0.018000702,NA,0,NA,NA,NA,NA,NA,NA,NA,NA,NA
71,15.1,0.025557111,0.417218543,1,2,112,1,25,0.223214286, 0.1279775,0.9059,0.5320,0.4111111111111111
72,15.2,0.053195226,0.486842105,1,0,98,NA,NA,NA, 0.1917901,0.7907,0.5818,0.3380281690140845
73,14.6,0.017280854,0.534246575,1,2,87,NA,NA,NA, 0.2901636,0.7097,0.5976,0.31958762886597936
74,15.7,0.039006866,0.452229299,1,1,123,NA,NA,NA, 0.1648665,0.8209,0.5564,0.3684210526315789
75,15.4,0.035306285,0.454545455,1,0,115,NA,NA,NA, 0.0703179,0.9381,0.4922,0.4222222222222222
76,14.4,0.028615505,0.819444444,1,6,16,NA,NA,NA, 0.1702203,0.8532,0.5287,0.38144329896907214
77,16.3,0.037370191,0.466257669,1,0,125,NA,NA,NA,-0.0076292,1.0754,0.4454,0.47959183673469385
78,15.3,-0.083401371,NA,0,NA,NA,NA,NA,NA,NA,NA,NA,NA
79,14.1,0.089625599,0.524822695,1,0,91,NA,NA,NA,-0.0599960,1.0686,0.4251,0.4838709677419355
80,13.3,0.093482299,NA,0,NA,NA,NA,NA,NA, 0.0892495,1.0406,0.4790,0.46938775510204084
81,16.7,-0.218121685,0.574850299,1,0,85,1,866,10.18823529, 0.1464418,0.8925,0.5408,0.3978494623655914
82,15.1,NA,0.715231788,1,1,76,NA,NA,NA, 0.0973699,0.9491,0.5459,0.4270833333333333
83,15.5,0.053408451,0.496774194,1,1,122,NA,NA,NA, 0.2310376,0.7746,0.5941,0.34065934065934067
84,14.2,0.004046013,0.478873239,1,1,95,1,291,3.063157895, 0.0579489,0.9812,0.4607,0.44
85,16.4,0.031489674,0.481707317,1,0,113,NA,NA,NA, 0.4122991,0.5782,0.7039,0.2602739726027397
86,15.8,0.007807177,0.443037975,1,1,116,1,659,5.681034483, 0.0870081,0.9155,0.5383,0.40860215053763443
87,14.1,0.019529862,0.475177305,1,1,102,1,354,3.470588235, 0.0135373,1.0403,0.4571,0.4639175257731959
88,17.9,0.060755931,0.474860335,1,1,132,1,743,5.628787879, 0.1777114,0.8247,0.5843,0.3673469387755102
89,14.6,0.0000648,0.787671233,1,NA,11,0,NA,NA,-0.0933425,1.1286,0.4077,0.5
90,14.9,0.059807553,0.510067114,1,0,105,NA,NA,NA, 0.1399421,0.8884,0.5344,0.4020618556701031
91,16.4,0.041628617,0.43902439,1,2,112,NA,696,6.214285714,NA,NA,NA,NA
92,15.6,-0.051892902,0.519230769,1,0,102,NA,NA,NA,-0.0252181,1.0177,0.4346,0.45454545454545453
93,15.3,0.050724481,0.738562092,1,NA,8,1,NA,NA, 0.1470285,0.8499,0.5531,0.38202247191011235
94,13.2,0.026995908,NA,0,NA,NA,NA,NA,NA,-0.0397859,1.1197,0.4480,0.49473684210526314
95,15.9,0.014984083,0.559748428,1,0,113,NA,NA,NA, 0.0299482,1.0287,0.4472,0.4583333333333333
96,13.9,0.00370826,NA,0,NA,NA,NA,NA,NA,NA,NA,NA,NA
97,11.4,0.013734627,NA,0,NA,NA,NA,NA,NA,NA,NA,NA,NA
98,13.9,0.011771307,0.539568345,1,0,93,NA,NA,NA, 0.0635953,0.9839,0.4959,0.43434343434343436
99,16.3,0.046700607,0.496932515,1,0,104,NA,NA,NA,-0.0437713,1.1369,0.4314,0.5051546391752577
100,16,NA,0.55625,1,0,119,1,518,4.352941176, 0.1592883,0.9017,0.5316,0.3979591836734694
101,11.8,NA,0.593220339,1,1,55,NA,745,13.54545455,NA,NA,NA,NA
102,15.5,NA,0.529032258,1,0,116,NA,NA,NA,-0.0978606,1.1230,0.4435,0.494949494949495
103,16.3,NA,0.45398773,1,1,112,NA,NA,NA,-0.0839351,1.0998,0.4069,0.48484848484848486
104,15.4,NA,0.525974026,1,0,77,NA,NA,NA,-0.0027019,1.0516,0.4767,0.4606741573033708
105,13.5,NA,NA,0,NA,NA,NA,NA,NA, 0.1182691,0.8748,0.5569,0.3894736842105263
106,15.2,NA,NA,0,NA,NA,NA,NA,NA,NA,NA,NA,NA
107,14.9,NA,0.496644295,1,1,105,NA,NA,NA,-0.2332902,1.3330,0.3369,0.5714285714285714
108,14.3,NA,0.51048951,1,0,105,1,907,8.638095238, 0.0428434,0.9744,0.5194,0.4175824175824176
109,14,NA,0.571428571,1,2,41,1,27,0.658536585,-0.1162266,1.1947,0.4022,0.5339805825242718
110,9.6,NA,NA,0,NA,NA,NA,NA,NA,NA,NA,NA,NA
111,16,NA,0.525,1,1,99,NA,NA,NA,-0.1305797,1.2123,0.3996,0.5384615384615384
112,15,NA,NA,0,NA,NA,NA,NA,NA,NA,NA,NA,NA
113,14.3,NA,0.454545455,1,2,113,1,625,5.530973451,-0.0853480,1.1257,0.4085,0.5
114,16,NA,0.45625,1,1,120,NA,NA,NA,-0.0858717,1.1596,0.3756,0.52
115,15.9,NA,0.440251572,1,1,130,NA,NA,NA, 0.0420016,0.9725,0.4893,0.42168674698795183
116,14.4,NA,0.479166667,1,2,98,1,957,9.765306122, 0.0268326,1.0175,0.4795,0.4519230769230769
117,16.9,NA,0.449704142,1,1,122,1,804,6.590163934,-0.0948823,1.1547,0.4088,0.51
118,15.2,-0.032301624,0.486842105,1,1,118,NA,NA,NA, 0.0001085,1.0316,0.4739,0.4563106796116505
119,14.6,-0.044288668,NA,1,NA,NA,0,NA,NA, 0.0603940,0.9743,0.5038,0.422680412371134
120,15.2,0.023688484,NA,0,NA,NA,NA,NA,NA,NA,NA,NA,NA
121,14.8,0.021359297,0.540540541,1,1,97,1,650,6.701030928, 0.0621493,0.9635,0.4887,0.42718446601941745
122,13.8,-0.001690394,NA,0,NA,NA,NA,NA,NA,NA,NA,NA,NA
123,15.2,0.074169001,NA,1,NA,NA,0,NA,NA,-0.0797032,1.1719,0.4227,0.5263157894736842
124,14.8,-0.00971078,NA,0,NA,NA,NA,NA,NA,-0.0725533,1.0729,0.4410,0.4803921568627451
125,15.2,-0.042092565,0.460526316,1,2,104,NA,NA,NA, 0.1846403,0.8451,0.5693,0.3763440860215054
126,15.3,0.013205841,0.509803922,1,1,103,NA,NA,NA, 0.0715669,1.0334,0.4858,0.4634146341463415
127,14.5,0.010461326,0.455172414,1,1,110,NA,NA,NA, 0.0237343,1.0268,0.4455,0.45544554455445546
128,14.7,-0.073189092,0.829931973,1,NA,25,NA,NA,NA,-0.0828885,1.1271,0.4095,0.5051546391752577
129,15.9,0.022932847,0.446540881,1,0,118,1,699,5.923728814,-0.0849634,1.1543,0.3849,0.5204081632653061
130,13.6,-0.028330645,0.514705882,1,2,98,1,632,6.448979592, 0.0214638,0.9958,0.5100,0.4423076923076923
131,15.8,0.058157239,0.462025316,1,3,123,NA,NA,NA, 0.0390402,0.9733,0.4838,0.43137254901960786
132,16,0.007524875,NA,0,NA,NA,NA,NA,NA,NA,NA,NA,NA
133,14.9,0.042190659,0.530201342,1,1,97,1,518,5.340206186, 0.0008047,1.0280,0.4511,0.46
134,13.7,0.004248164,NA,0,NA,NA,NA,NA,NA,NA,NA,NA,NA
135,14.6,NA,0.808219178,1,NA,7,NA,NA,NA, 0.1437656,0.8684,0.5490,0.39
136,16.5,0.105251907,0.490909091,1,1,118,NA,NA,NA, 0.0246484,1.0372,0.4719,0.46464646464646464
137,14.8,-0.020830508,NA,1,NA,NA,NA,NA,NA, 0.1061285,0.9614,0.4902,0.42718446601941745
138,11.9,-0.015285999,0.613445378,1,6,42,NA,137,3.261904762,NA,NA,NA,NA
139,16.7,0.048147941,0.526946108,1,4,82,NA,NA,NA, 0.2416651,0.7797,0.6126,0.35443037974683544
140,12.1,-0.047352212,NA,0,NA,NA,NA,NA,NA,-0.0738226,1.1251,0.3909,0.5050505050505051
141,14.4,0.080923769,0.541666667,1,0,103,1,527,5.116504854,-0.0794869,1.1101,0.4175,0.49
142,16.4,0.045034988,0.475609756,1,1,106,1,541,5.103773585, 0.0559111,1.0175,0.4681,0.4519230769230769
143,14.2,-0.061682111,0.457746479,1,1,113,NA,NA,NA, 0.0723604,0.9434,0.5021,0.4166666666666667
144,13.5,-0.021447128,NA,0,NA,NA,NA,NA,NA,-0.1367934,1.1983,0.4063,0.52
145,15.2,-0.016990862,0.434210526,1,1,115,NA,NA,NA, 0.1468044,0.8732,0.5494,0.3894736842105263
146,15.2,-0.002337718,0.480263158,1,0,123,NA,NA,NA, 0.2106804,0.8010,0.5653,0.3557692307692308
147,15,0.018695772,0.48,1,0,124,NA,NA,NA,-0.0584075,1.0451,0.4477,0.47
148,15.3,0.071543863,0.575163399,1,3,38,1,448,11.78947368, 0.0958099,0.9128,0.5222,0.4077669902912621
149,15.4,0.043910036,0.902597403,1,3,26,NA,NA,NA, 0.0362249,0.9939,0.5145,0.44329896907216493
150,14.1,NA,0.539007092,1,0,102,NA,NA,NA,NA,NA,NA,NA
151,13,-0.033899906,0.476923077,1,2,90,NA,NA,NA, 0.3348618,0.6542,0.6515,0.2978723404255319
152,16.7,-0.047572291,NA,1,NA,NA,NA,NA,NA, 0.1358755,0.8693,0.5494,0.38613861386138615
153,14.9,0.021447984,0.919463087,1,1,59,NA,NA,NA, 0.0443742,0.9735,0.4857,0.4329896907216495
154,14.4,-0.023921284,0.548611111,1,0,102,NA,NA,NA, 0.0604834,0.9984,0.5085,0.44
155,15,-0.029462427,0.506666667,1,0,82,NA,NA,NA, 0.1603629,0.8827,0.5376,0.391304347826087
156,17.3,0.073366478,0.479768786,1,1,120,NA,NA,NA,-0.0234808,1.0156,0.4980,0.43617021276595747
157,15.2,-0.067314503,0.513157895,1,1,113,NA,NA,NA,-0.0267316,1.0304,0.4544,0.46078431372549017
158,15.6,-0.002870778,0.487179487,1,0,116,NA,NA,NA, 0.1024499,0.9892,0.4949,0.44680851063829785
159,15.3,-0.025308102,0.522875817,1,0,117,NA,NA,NA,-0.0092364,1.0391,0.4311,0.46153846153846156
160,15.8,0.009060029,0.46835443,1,1,116,NA,NA,NA, 0.0657674,0.9482,0.5162,0.4215686274509804
161,13.6,0.018171302,0.536764706,1,2,62,0,NA,NA, 0.0763186,0.9525,0.4894,0.4230769230769231
162,13.6,0.039659336,0.485294118,1,4,93,1,382,4.107526882,-0.1192998,1.1890,0.3902,0.5294117647058824
163,12.4,-0.006921049,0.564516129,1,1,91,NA,NA,NA, 0.0007479,0.9949,0.4517,0.44554455445544555
164,13.6,-0.017804531,0.507352941,1,1,102,1,431,4.225490196, 0.0765116,0.9774,0.5087,0.4368932038834951
165,15.2,0.020295752,0.5,1,0,121,NA,NA,NA,-0.0342627,1.1295,0.4034,0.5048543689320388
166,15.9,0.012208826,0.503144654,1,0,120,1,620,5.166666667, 0.0393318,0.9775,0.4633,0.4368932038834951
167,15.8,0.05500928,NA,0,NA,NA,NA,NA,NA,-0.2029100,1.2730,0.3463,0.5631067961165048
168,14.4,-0.076682395,0.493055556,1,0,111,1,296,2.666666667, 0.1008661,0.8757,0.5384,0.38
169,12.9,0.05329588,0.426356589,1,2,97,NA,NA,NA, 0.0255031,0.9725,0.4876,0.43617021276595747
170,14.6,0.039614134,0.575342466,1,1,63,1,532,8.444444444, 0.2640469,0.7577,0.6044,0.33653846153846156
171,16,0.01365359,0.4625,1,2,109,NA,NA,NA,-0.0423522,1.1041,0.4438,0.49038461538461536
172,15.7,0.020823676,0.445859873,1,2,113,1,485,4.292035398, 0.0177224,0.9958,0.4752,0.4423076923076923
173,15.6,-0.022110639,0.5,1,0,102,NA,NA,NA, 0.0015436,1.0435,0.4623,0.46078431372549017
174,15.9,-0.005323615,0.421383648,1,0,125,NA,NA,NA, 0.0714203,1.0391,0.4738,0.46153846153846156
175,15.6,NA,0.525641026,1,1,102,NA,NA,NA, 0.2486360,0.7793,0.5997,0.34615384615384615
176,14.2,0.008841715,0.478873239,1,0,111,NA,NA,NA,NA,NA,NA,NA
177,16.8,0.02435457,0.5,1,0,123,NA,NA,NA, 0.0207747,1.0166,0.4705,0.4479166666666667
178,16.3,NA,0.595092025,1,2,52,0,NA,NA, 0.0532857,0.9484,0.4786,0.4270833333333333
179,13.2,0.010327417,0.484848485,1,2,72,1,153,2.125, 0.1925368,0.7895,0.5519,0.3434343434343434
180,15.2,-0.030622313,NA,0,NA,NA,NA,NA,NA,NA,NA,NA,NA
181,15.7,0.00448781,NA,0,NA,NA,NA,NA,NA,NA,NA,NA,NA
182,15.4,-0.017629688,0.461038961,1,0,116,NA,NA,NA, 0.1116077,0.8730,0.5219,0.3877551020408163
183,14.6,0.000774409,0.52739726,1,0,97,NA,NA,NA, 0.2804279,0.6974,0.5903,0.3076923076923077
184,16.4,0.062392587,NA,0,NA,NA,NA,NA,NA, 0.0675851,0.9862,0.4945,0.4421052631578947
185,13.7,0.023696157,0.583941606,1,2,81,1,23,0.283950617, 0.0335949,0.9865,0.5122,0.43617021276595747
186,14.1,0.033736998,0.617021277,1,2,52,NA,NA,NA, 0.0294446,1.0049,0.4836,0.44554455445544555
187,14.9,0.023075254,0.718120805,1,4,52,NA,NA,NA,-0.0295676,1.0824,0.4457,0.4807692307692308
188,15.3,0.010470673,NA,0,NA,NA,NA,NA,NA,-0.0758568,1.1208,0.4288,0.49514563106796117
189,15.2,-0.04621538,0.493421053,1,0,105,1,606,5.771428571, 0.0323969,0.9615,0.4906,0.4215686274509804
190,8.5,-0.020317083,NA,0,NA,NA,NA,NA,NA,NA,NA,NA,NA
191,16.4,0.025899958,0.463414634,1,1,123,NA,NA,NA, 0.1007847,0.9270,0.5155,0.4020618556701031
192,12.6,-0.02864025,0.555555556,1,3,87,NA,NA,NA, 0.0471266,0.9472,0.5115,0.40816326530612246
193,15.5,0.005794401,NA,0,NA,NA,NA,NA,NA,NA,NA,NA,NA
194,14.1,-0.023040304,0.510638298,1,0,136,1,550,4.044117647, 0.1095407,0.8627,0.5211,0.38235294117647056
195,15.4,0.027792479,0.5,1,2,108,1,766,7.092592593, 0.0488862,1.0139,0.4987,0.45
196,12.4,NA,NA,1,3,91,NA,NA,NA,NA,NA,NA,NA
197,15.1,-0.040259773,NA,0,NA,NA,NA,NA,NA,-0.1428201,1.1884,0.3793,0.5247524752475248
198,14.7,NA,0.462585034,1,2,120,1,426,3.55, 0.0840449,0.9525,0.4937,0.4230769230769231
199,15.1,-0.009668993,0.523178808,1,3,122,1,786,6.442622951, 0.0149539,0.9925,0.4994,0.4444444444444444
200,13.1,-0.060686838,NA,0,NA,NA,NA,NA,NA,NA,NA,NA,NA
201,14.7,-0.006735123,NA,0,NA,NA,NA,NA,NA,NA,NA,NA,NA
202,15.5,-0.013327829,0.483870968,1,2,126,1,289,2.293650794,-0.0137007,1.0415,0.4560,0.45652173913043476
203,15.5,0.009925734,NA,0,NA,NA,NA,NA,NA,NA,NA,NA,NA
204,16.2,-0.003968403,0.635802469,1,2,47,1,119,2.531914894, 0.0773863,0.9607,0.5101,0.422680412371134
205,14.3,-0.073087565,0.496503497,1,3,111,1,327,2.945945946,-0.1378770,1.1780,0.3915,0.5242718446601942
206,15.7,-0.069375867,0.452229299,1,2,118,NA,NA,NA, 0.0756452,0.9431,0.4940,0.4215686274509804
207,15.1,-0.021223712,NA,0,NA,NA,NA,NA,NA,NA,NA,NA,NA
208,13,-0.127676395,NA,0,NA,NA,NA,NA,NA,-0.0374720,1.0824,0.4441,0.4807692307692308
209,14,-0.018725644,NA,0,NA,NA,NA,NA,NA,-0.1665683,1.2850,0.3571,0.5742574257425742
210,12.7,-0.067406639,NA,0,NA,NA,NA,NA,NA, 0.0272822,1.0046,0.4738,0.44554455445544555
211,13.8,-0.024537976,0.456521739,1,3,109,NA,NA,NA,-0.0597323,1.1041,0.4460,0.49038461538461536
212,13.2,NA,NA,0,NA,NA,NA,NA,NA, 0.0889873,0.9187,0.5249,0.4077669902912621
213,13.5,-0.153840754,0.481481481,1,1,99,1,602,6.080808081,-0.0926370,1.1474,0.4294,0.5096153846153846
214,13.8,0.049984167,0.52173913,1,0,106,NA,NA,NA,-0.0004691,1.0175,0.4425,0.4519230769230769
215,14.8,0.049427262,0.682432432,1,8,53,1,20,0.377358491, 0.2016044,0.7767,0.5619,0.34408602150537637
216,15.2,-0.02261901,0.460526316,1,2,102,NA,NA,NA,-0.1413394,1.1423,0.3934,0.5
217,15,-0.046675896,0.686666667,1,3,77,NA,NA,NA,-0.0429403,1.1690,0.3857,0.5192307692307693
218,14.8,-0.022926806,0.486486486,1,1,99,NA,NA,NA,-0.0927458,1.1606,0.3947,0.5196078431372549
219,15.2,-0.01757171,NA,1,NA,NA,0,NA,NA,-0.0443060,1.0580,0.4300,0.47058823529411764
220,15,0.011684313,NA,0,NA,NA,NA,NA,NA,NA,NA,NA,NA
221,15,0.066211739,NA,0,NA,NA,NA,NA,NA,NA,NA,NA,NA
222,15.9,0.084558712,0.446540881,1,2,114,1,152,1.333333333, 0.1120373,0.9186,0.5230,0.4077669902912621
223,15.3,0.038521593,NA,0,NA,NA,NA,NA,NA,NA,NA,NA,NA
224,15.3,0.043136467,0.483660131,1,2,111,1,592,5.333333333,-0.0035572,1.0427,0.4314,0.46601941747572817
225,14.3,NA,NA,0,NA,NA,NA,NA,NA,NA,NA,NA,NA
226,15.7,0.031900753,0.50955414,1,1,113,NA,NA,NA, 0.2659569,0.6947,0.6313,0.3106796116504854
227,15.5,0.026275229,NA,0,NA,NA,NA,NA,NA,NA,NA,NA,NA
228,14.8,-0.007739806,0.641891892,1,2,76,1,1235,16.25, 0.4918811,0.5227,0.7355,0.23157894736842105
229,15.8,-0.011622927,0.544303797,1,1,114,1,197,1.728070175, 0.0725197,0.9525,0.5146,0.4230769230769231
230,12.2,0.01096195,NA,0,NA,NA,NA,NA,NA,NA,NA,NA,NA
230.5,NA,NA,NA,1,0,97,NA,NA,NA,NA,NA,NA,NA
231,14.4,NA,NA,0,1,NA,NA,NA,NA,NA,NA,NA,NA
231.5,NA,NA,NA,1,3,89,NA,NA,NA,NA,NA,NA,NA
232,15.3,-0.046398741,0.529411765,1,2,120,1,442,3.683333333, 0.1628243,0.8351,0.5620,0.36893203883495146
233,15.8,NA,0.455696203,1,2,113,NA,NA,NA,-0.0409490,1.0973,0.4332,0.4897959183673469
234,13.1,-0.049666047,0.503816794,1,5,97,0,NA,NA,-0.0483426,1.1133,0.4511,0.5
235,17.6,0.013853174,0.465909091,1,0,134,1,558,4.164179104, 0.0186767,1.0199,0.4552,0.45544554455445546
236,13.8,NA,0.528985507,1,0,98,NA,NA,NA,-0.0543494,1.0768,0.4510,0.47572815533980584
237,16.2,0.1021031,0.50617284,1,0,118,NA,NA,NA,-0.0269786,1.0482,0.4363,0.47058823529411764
238,13.5,-0.089296414,0.577777778,1,0,75,NA,NA,NA, 0.1520437,0.8569,0.5519,0.3786407766990291
239,14.7,-0.062430986,0.476190476,1,0,109,NA,NA,NA, 0.0868911,0.9594,0.5174,0.4235294117647059
240,12,NA,0.591666667,1,5,49,NA,NA,NA,NA,NA,NA,NA
241,15.6,0.018617314,0.532051282,1,1,124,1,818,6.596774194,-0.0241014,1.0888,0.4348,0.48514851485148514
242,15.2,0.033342116,0.552631579,1,1,108,NA,NA,NA,-0.1746589,1.2239,0.3801,0.5294117647058824
243,11.4,0.009330407,0.50877193,1,0,78,NA,224,2.871794872,NA,NA,NA,NA
244,12.6,0.031354082,NA,0,NA,NA,NA,NA,NA,-0.0185387,1.0364,0.4350,0.46534653465346537
245,14.9,-0.06136149,0.416107383,1,1,124,NA,NA,NA,-0.0455753,1.0704,0.4413,0.4742268041237113
246,14.1,NA,NA,0,NA,NA,NA,NA,NA,NA,NA,NA,NA
247,13.6,0.044405548,0.492647059,1,3,65,1,NA,NA,-0.0263251,1.0519,0.4520,0.47
248,15.3,0.013893298,0.437908497,1,1,100,NA,NA,NA,-0.1595071,1.2103,0.3690,0.5353535353535354
249,14,-0.038941192,NA,0,NA,NA,NA,NA,NA,NA,NA,NA,NA
250,16.1,-0.02612001,NA,0,NA,NA,NA,NA,NA,NA,NA,NA,NA
251,16.4,0.002223417,0.475609756,1,0,126,1,783,6.214285714, 0.0210316,0.9992,0.4641,0.44660194174757284
252,16,0.067372508,NA,0,NA,NA,NA,NA,NA,NA,NA,NA,NA
253,15.1,0.004697592,0.582781457,1,NA,11,NA,NA,NA,NA,NA,NA,NA
254,14.2,-0.038340753,0.577464789,1,1,97,1,519,5.350515464, 0.1782386,0.8684,0.5274,0.3883495145631068
255,15.4,NA,0.474025974,1,1,76,NA,NA,NA, 0.0384075,0.9850,0.4803,0.4444444444444444
256,10.7,-0.057286434,NA,1,NA,NA,NA,NA,NA,NA,NA,NA,NA
257,15.8,-0.066346509,NA,0,NA,NA,NA,NA,NA,NA,NA,NA,NA
258,14.7,0.010936364,NA,0,NA,NA,NA,NA,NA,NA,NA,NA,NA
259,15,-0.019590399,0.566666667,1,0,106,1,856,8.075471698,-0.1219523,1.1479,0.4212,0.5098039215686274
260,14.8,-0.067854325,0.527027027,1,0,110,1,609,5.536363636, 0.0953543,0.9076,0.5354,0.40594059405940597
261,13.9,0.103036989,0.841726619,1,NA,3,NA,NA,NA,-0.0224218,1.0235,0.4543,0.45977011494252873
262,15.4,NA,0.448051948,1,2,116,1,397,3.422413793, 0.0758871,0.9446,0.5138,0.4215686274509804
263,15,-0.06053163,NA,0,NA,NA,NA,NA,NA,NA,NA,NA,NA
264,14.2,-0.078145968,NA,0,NA,NA,NA,NA,NA,NA,NA,NA,NA
265,12.9,0.004313812,0.527131783,1,1,103,NA,774,7.514563107,NA,NA,NA,NA
266,16.2,-0.119597142,0.462962963,1,2,135,1,1195,8.851851852, 0.0353192,0.9907,0.5143,0.4375
267,14.8,-0.061184048,0.560810811,1,2,96,NA,NA,NA,-0.0811052,1.1375,0.3891,0.5098039215686274
268,14,0.023033462,0.471428571,1,3,101,1,473,4.683168317, 0.1090141,0.9741,0.4969,0.4387755102040816
269,14.2,-0.064216903,NA,0,NA,NA,NA,NA,NA, 0.0093796,1.0125,0.4612,0.45098039215686275
270,15.2,-0.061995117,0.631578947,1,1,92,NA,NA,NA,-0.0099403,1.0796,0.4479,0.48484848484848486
271,15.2,-0.01463866,NA,1,NA,NA,NA,NA,NA, 0.1392624,0.8781,0.5178,0.3917525773195876
272,15.2,0.013407963,NA,0,NA,NA,NA,NA,NA,NA,NA,NA,NA
273,16,0.017403665,0.44375,1,2,118,1,370,3.13559322, 0.0141299,1.0116,0.4903,0.45263157894736844
274,14.3,-0.028858583,NA,0,NA,NA,NA,NA,NA,NA,NA,NA,NA
275,14.4,-0.029261144,0.541666667,1,1,105,NA,NA,NA, 0.0279234,1.0491,0.4602,0.46808510638297873
276,13.9,-0.037553583,0.697841727,1,13,15,1,3,0.2, 0.1268025,0.9117,0.5412,0.4069767441860465
277,16.8,0.044222174,0.452380952,1,2,129,NA,561,4.348837209,NA,NA,NA,NA
278,15.7,-0.01546168,0.426751592,1,2,128,NA,NA,NA, 0.0698029,0.9663,0.5262,0.42718446601941745
279,15.1,0.012540603,0.516556291,1,1,102,NA,NA,NA,-0.1657231,1.2123,0.3880,0.5384615384615384
280,15.8,0.014835681,NA,1,NA,NA,NA,NA,NA,-0.0135418,1.0391,0.4499,0.46153846153846156
281,13,-0.019182774,0.492307692,1,2,92,NA,NA,NA, 0.0648658,0.9594,0.4894,0.42574257425742573
282,14.3,0.070061609,0.48951049,1,1,100,NA,NA,NA,-0.0987274,1.1310,0.4178,0.5053763440860215
283,16.8,0.026403997,0.541666667,1,2,88,NA,335,3.806818182,NA,NA,NA,NA
284,14.1,-0.013858304,NA,1,NA,NA,NA,NA,NA,NA,NA,NA,NA
285,12.9,NA,NA,0,NA,NA,NA,NA,NA,-0.0797428,1.1248,0.4338,0.49504950495049505
286,13.8,-0.048968422,0.644927536,1,2,71,NA,NA,NA, 0.1340435,0.8683,0.5356,0.38
287,14.7,-0.001531757,0.496598639,1,2,103,NA,NA,NA,-0.0318939,1.0988,0.4582,0.48863636363636365
288,14,0.024810846,NA,0,NA,NA,NA,NA,NA,NA,NA,NA,NA
289,15.1,0.021834335,0.509933775,1,1,113,1,783,6.92920354, 0.0774554,0.9597,0.4922,0.43478260869565216
290,15.4,0.055633589,NA,0,NA,NA,NA,NA,NA,NA,NA,NA,NA
291,12.6,-0.029697761,NA,0,NA,NA,NA,NA,NA,-0.1046146,1.1804,0.3903,0.5319148936170213
292,14.5,0.074256024,0.627586207,1,4,63,NA,NA,NA, 0.0915208,0.9317,0.5052,0.41935483870967744
293,13.7,NA,NA,0,NA,NA,NA,NA,NA,NA,NA,NA,NA
294,12,-0.04068617,0.566666667,1,4,51,NA,NA,NA,NA,NA,NA,NA
295,15.1,0.006609743,0.57615894,1,0,88,NA,NA,NA,-0.0864840,1.1575,0.4114,0.5154639175257731
296,14.1,0.06108344,0.475177305,1,1,83,NA,NA,NA, 0.1009852,0.9235,0.5257,0.4105263157894737
297,14.1,-0.001240937,0.503546099,1,1,106,1,537,5.066037736, 0.0457311,1.0213,0.5086,0.44680851063829785
298,15.3,0.000700196,0.496732026,1,1,117,NA,NA,NA,-0.0499255,1.1059,0.4284,0.4946236559139785
299,15.3,-0.082473404,0.738562092,1,3,49,NA,NA,NA, 0.0728085,0.9679,0.5049,0.43023255813953487
300,15.6,-0.136445671,NA,0,NA,NA,NA,NA,NA,NA,NA,NA,NA
301,14.7,-0.021436064,NA,0,NA,NA,NA,NA,NA,NA,NA,NA,NA
302,14.5,0.005232359,0.606896552,1,2,61,NA,NA,NA, 0.0455304,0.9854,0.5278,0.4387755102040816
303,16.5,0.003572649,0.545454545,1,1,79,1,937,11.86075949, 0.1454182,0.8876,0.5285,0.3942307692307692
304,16.3,-0.021601516,NA,0,NA,NA,NA,NA,NA,NA,NA,NA,NA
305,12.9,0.033968971,0.449612403,1,4,91,1,696,7.648351648, 0.1330322,0.9092,0.5113,0.40384615384615385
306,16.6,0.036654653,0.421686747,1,4,102,NA,NA,NA, 0.0742138,0.9367,0.5106,0.4158415841584158
307,16.1,-0.031795848,NA,1,NA,NA,NA,NA,NA, 0.0040379,1.0196,0.4789,0.45544554455445546
308,14,-0.088927943,0.428571429,1,NA,38,NA,NA,NA,NA,NA,NA,NA
309,14.8,0.125126364,0.398648649,1,6,93,1,859,9.23655914, 0.0309013,1.0211,0.4872,0.45544554455445546
310,13.7,NA,NA,0,NA,NA,NA,NA,NA,-0.0533729,1.0790,0.4126,0.48484848484848486
311,16.2,-0.003595682,NA,0,NA,NA,NA,NA,NA,NA,NA,NA,NA
312,13.9,-0.071908941,NA,0,NA,NA,NA,NA,NA, 0.1260492,0.8439,0.5388,0.3793103448275862
313,14.7,0.004616568,0.414965986,1,2,87,NA,NA,NA, 0.1080398,0.8777,0.5638,0.3939393939393939
314,17.1,-0.03357493,0.456140351,1,1,126,NA,NA,NA,-0.0975964,1.1368,0.4193,0.5048543689320388
315,14.9,-0.043655895,0.422818792,1,1,99,NA,NA,NA, 0.1569771,0.8529,0.5449,0.3786407766990291
316,14.5,0.038462727,NA,0,NA,NA,NA,NA,NA, 0.0314683,0.9927,0.4700,0.4411764705882353
317,15.8,0.037163815,NA,0,NA,NA,NA,NA,NA,NA,NA,NA,NA
318,14.1,0.007806309,0.482269504,1,2,100,NA,NA,NA, 0.0862163,0.9182,0.5044,0.40816326530612246
319,15.7,0.065893631,0.433121019,1,0,116,1,902,7.775862069, 0.0195884,0.9911,0.4777,0.43902439024390244
320,15,-0.004840064,0.46,1,2,103,1,430,4.174757282,-0.0655038,1.1208,0.4288,0.49514563106796117
321,13.3,0.076764303,0.488721805,1,1,87,NA,NA,NA, 0.0426974,0.9742,0.4853,0.4326923076923077
322,17,-0.023388286,0.458823529,1,6,37,1,11,0.297297297, 0.1579463,0.8571,0.5536,0.3786407766990291
323,14,-0.029642367,NA,0,NA,NA,NA,NA,NA,NA,NA,NA,NA
324,15.4,-0.04826992,0.493506494,1,2,112,NA,NA,NA,-0.0243290,1.0589,0.4798,0.46808510638297873
325,15.3,-0.065660755,NA,0,NA,NA,NA,NA,NA,-0.0358099,1.1091,0.4175,0.5
326,13,-0.038140372,NA,0,NA,NA,NA,NA,NA,NA,NA,NA,NA
327,13.9,0.009420826,0.553956835,1,4,18,0,NA,NA,-0.0460130,1.0455,0.4539,0.47368421052631576
328,13,-0.014835689,NA,0,NA,NA,NA,NA,NA,-0.0549735,1.0708,0.4226,0.47959183673469385
329,14.7,NA,0.496598639,1,1,94,NA,NA,NA,-0.1030930,1.0828,0.3884,0.4803921568627451
330,14.5,-0.010237855,NA,0,NA,NA,NA,NA,NA,-0.0483237,1.1136,0.4389,0.494949494949495
331,15.4,-0.014402404,NA,0,NA,NA,NA,NA,NA,NA,NA,NA,NA
332,11.1,-0.04824688,0.486486486,1,6,49,NA,NA,NA,NA,NA,NA,NA
333,13.6,-0.175947218,NA,0,NA,NA,NA,NA,NA, 0.2003171,0.8240,0.5736,0.36585365853658536
334,14.3,-0.00463705,0.426573427,1,0,117,NA,NA,NA,-0.0413402,1.0718,0.4400,0.47572815533980584
335,14.7,-0.019348197,0.510204082,1,5,102,0,NA,NA, 0.2529788,0.8010,0.6055,0.3333333333333333
336,14,-0.029227864,0.521428571,1,3,62,1,354,5.709677419, 0.1862392,0.7568,0.5871,0.3333333333333333
337,14.9,NA,0.476510067,1,2,96,NA,NA,NA,-0.0901658,1.1579,0.4020,0.5145631067961165
338,14.8,0.012245511,NA,0,NA,NA,NA,NA,NA,-0.0206038,1.0499,0.4680,0.46464646464646464
339,12.8,0.069642872,0.4609375,1,2,87,NA,NA,NA,-0.0302489,1.0391,0.4378,0.46153846153846156
340,11.8,0.071143916,0.576271186,1,NA,8,0,NA,NA, 0.0157582,0.9958,0.4649,0.4423076923076923
341,16.6,0.02273412,NA,1,NA,NA,NA,NA,NA,-0.0811147,1.1042,0.4378,0.4942528735632184
342,14.1,0.073420227,0.482269504,1,2,86,NA,NA,NA,NA,NA,NA,NA
343,14.5,0.038368956,0.627586207,1,4,61,NA,NA,NA, 0.0392044,1.0209,0.4914,0.4563106796116505
344,16.3,-0.005512946,NA,1,NA,NA,NA,NA,NA,-0.1480321,1.2007,0.3632,0.54
345,15.2,0.063535442,0.605263158,1,3,68,NA,NA,NA, 0.0709821,0.9901,0.4915,0.4411764705882353
346,16.4,0.041699401,0.426829268,1,1,117,1,682,5.829059829,-0.0587409,1.1223,0.4348,0.49514563106796117
347,14.1,-0.030567701,0.496453901,1,6,89,NA,NA,NA, 0.1666226,0.8185,0.5745,0.35555555555555557
348,15.2,0.018922622,NA,0,NA,NA,NA,NA,NA,NA,NA,NA,NA
349,15.2,0.020665068,0.460526316,1,5,90,NA,NA,NA, 0.0497304,1.0391,0.5042,0.46153846153846156
350,14.5,0.005593123,NA,0,NA,NA,NA,NA,NA, 0.0651454,0.9604,0.4893,0.43
351,14.8,0.047289108,0.459459459,1,0,104,NA,NA,NA, 0.1270216,0.9170,0.5308,0.4077669902912621
352,13.8,-0.00637093,0.536231884,1,1,94,1,134,1.425531915, 0.0266940,0.9630,0.4552,0.43137254901960786
353,14.5,-0.006915888,0.510344828,1,0,102,NA,NA,NA, 0.0582270,0.9628,0.4858,0.42718446601941745
354,13.1,NA,NA,1,NA,NA,NA,NA,NA,-0.0206501,1.0499,0.4384,0.46601941747572817
355,14.6,-0.075901224,0.52739726,1,0,105,NA,NA,NA,-0.1240370,1.1667,0.4088,0.5196078431372549
356,14.6,-0.013570022,0.445205479,1,2,107,NA,NA,NA, 0.1771057,0.8185,0.5559,0.36633663366336633
357,13.3,-0.048757715,0.526315789,1,0,62,NA,NA,NA, 0.1332929,0.9092,0.5381,0.40384615384615385
358,16.6,-0.046887433,0.463855422,1,0,130,NA,NA,NA, 0.1019915,0.9185,0.5178,0.4077669902912621
359,16.1,-0.020098741,0.52173913,1,1,99,NA,NA,NA, 0.1075143,0.9084,0.5356,0.40594059405940597
360,15.3,0.040971898,0.562091503,1,0,111,NA,NA,NA,-0.0630046,1.1214,0.4287,0.4895833333333333
361,14.4,0.035306304,NA,0,NA,NA,NA,NA,NA,-0.1258941,1.2773,0.3717,0.5673076923076923
362,14.4,0.005757721,0.465277778,1,2,106,1,670,6.320754717, 0.1410655,0.8906,0.5261,0.39805825242718446
363,13.6,-0.071388672,0.463235294,1,1,98,NA,NA,NA, 0.1087344,0.9525,0.5296,0.4230769230769231
364,15.4,-0.011461681,NA,0,NA,NA,NA,NA,NA,-0.0349673,1.0824,0.4585,0.4807692307692308
365,16.4,0.024811695,0.43902439,1,1,140,NA,NA,NA, 0.0366518,0.9676,0.4645,0.42574257425742573
366,13.6,NA,0.639705882,1,0,88,NA,NA,NA, 0.0489948,1.0426,0.4831,0.46601941747572817
367,15.7,NA,0.47133758,1,3,94,NA,NA,NA,-0.1354058,1.1907,0.3852,0.5288461538461539
368,15.6,0.018848438,NA,0,NA,NA,NA,NA,NA,NA,NA,NA,NA
369,14.9,-0.020475686,0.496644295,1,2,122,1,537,4.401639344,-0.1438429,1.1705,0.3887,0.5242718446601942
370,NA,0.007709094,NA,NA,NA,NA,NA,NA,NA,NA,NA,NA,NA
371,13.8,0.000696791,NA,NA,NA,NA,NA,NA,NA, 0.0706418,0.9232,0.4959,0.4146341463414634
372,12.9,NA,NA,NA,NA,NA,NA,NA,NA, 0.1562540,0.8678,0.5453,0.38461538461538464
373,14.6,0.059818642,NA,NA,NA,NA,NA,NA,NA, 0.0015755,1.0467,0.4476,0.46987951807228917
374,16,-0.030806536,NA,NA,NA,NA,NA,NA,NA,-0.0256636,1.0330,0.4369,0.46511627906976744
375,14,-0.001785023,NA,NA,NA,NA,NA,NA,NA,-0.1411488,1.1693,0.3490,0.5176470588235295
376,15.8,-0.015180189,NA,NA,NA,NA,NA,NA,NA, 0.1579041,0.8593,0.5380,0.3870967741935484
377,16.3,-0.054358558,NA,NA,NA,NA,NA,NA,NA, 0.0164281,1.0031,0.4617,0.4482758620689655
378,15.2,-0.010064729,NA,NA,NA,NA,NA,NA,NA, 0.0071711,0.9909,0.4566,0.4431818181818182
379,14.6,0.004849423,NA,NA,NA,NA,NA,NA,NA, 0.0826867,0.9207,0.5040,0.41304347826086957
380,16.3,-0.065886814,NA,NA,NA,NA,NA,NA,NA, 0.0893013,0.9822,0.5049,0.449438202247191
381,15.5,0.007187132,NA,NA,NA,NA,NA,NA,NA, 0.1468704,0.8767,0.5472,0.4024390243902439
382,15.3,-0.017112824,NA,NA,NA,NA,NA,NA,NA,-0.0119074,1.0489,0.4413,0.4631578947368421
383,15.9,0.042202606,NA,NA,NA,NA,NA,NA,NA, 0.1274766,0.8934,0.5400,0.3950617283950617
384,16.8,0.039866571,NA,NA,NA,NA,NA,NA,NA, 0.1330284,0.8562,0.5321,0.3763440860215054
385,15.2,0.028456872,NA,NA,NA,NA,NA,NA,NA,-0.0222847,1.0789,0.4682,0.47959183673469385
386,15.8,0.029074366,NA,NA,NA,NA,NA,NA,NA,NA,NA,NA,NA
387,14.2,0.068471868,NA,NA,NA,NA,NA,NA,NA,-0.0855556,1.1636,0.4043,0.5196078431372549
388,12.1,0.027850492,NA,NA,NA,NA,NA,NA,NA,-0.1269231,1.2029,0.4219,0.5294117647058824
389,14.5,-0.060896624,NA,NA,NA,NA,NA,NA,NA,-0.1943942,1.2123,0.3541,0.5384615384615384
390,16.9,-0.007471129,NA,NA,NA,NA,NA,NA,NA,NA,NA,NA,NA
391,16.1,0.010396489,NA,NA,NA,NA,NA,NA,NA, 0.0077590,1.0016,0.4944,0.44660194174757284
392,12.7,-0.04805751,NA,NA,NA,NA,NA,NA,NA, 0.1431314,0.8944,0.5144,0.39805825242718446
393,13.7,0.040332247,NA,NA,NA,NA,NA,NA,NA, 0.0122158,1.0630,0.4576,0.47058823529411764
394,16.3,-0.092952642,NA,NA,NA,NA,NA,NA,NA, 0.0724797,0.9518,0.4818,0.42424242424242425
395,14.9,0.011813119,NA,NA,NA,NA,NA,NA,NA,-0.0021755,1.0482,0.4520,0.46153846153846156
396,12.8,0.015001996,NA,NA,NA,NA,NA,NA,NA, 0.1380042,0.9040,0.5408,0.39805825242718446
397,14.1,0.059933769,NA,NA,NA,NA,NA,NA,NA,-0.0800711,1.1584,0.4123,0.5204081632653061
398,9.4,0.005735549,NA,NA,NA,NA,NA,NA,NA,NA,NA,NA,NA
399,14.1,0.013145315,NA,NA,NA,NA,NA,NA,NA,NA,NA,NA,NA
400,12,-0.037223522,NA,NA,NA,NA,NA,NA,NA,NA,NA,NA,NA
401,12.2,0.02001688,NA,NA,NA,NA,NA,NA,NA, 0.1102622,0.9111,0.5131,0.40816326530612246
402,14.5,-0.012642957,NA,NA,NA,NA,NA,NA,NA, 0.0382334,0.9912,0.4923,0.44554455445544555
403,15.3,NA,NA,NA,NA,NA,NA,NA,NA,-0.0537319,1.0605,0.4310,0.4742268041237113
404,14.3,-0.024521742,NA,NA,NA,NA,NA,NA,NA, 0.0658887,0.9313,0.5010,0.41414141414141414
405,16,-0.037409444,NA,NA,NA,NA,NA,NA,NA,-0.0713365,1.1162,0.4362,0.5
406,14.9,0.011192225,NA,NA,NA,NA,NA,NA,NA,-0.0778202,1.1299,0.4072,0.5050505050505051
407,16,0.034496055,NA,NA,NA,NA,NA,NA,NA, 0.0674024,0.9548,0.5109,0.422680412371134
408,14.3,0.005719353,NA,NA,NA,NA,NA,NA,NA, 0.0605666,0.9510,0.4836,0.42528735632183906
409,15.1,0.075096123,NA,NA,NA,NA,NA,NA,NA, 0.1022229,0.9149,0.5183,0.40404040404040403
410,14.6,0.136179548,NA,NA,NA,NA,NA,NA,NA, 0.0859491,0.9718,0.5089,0.42857142857142855
411,14.9,0.053176479,NA,NA,NA,NA,NA,NA,NA,-0.1013542,1.1544,0.4299,0.5145631067961165
412,16,0.04920126,NA,NA,NA,NA,NA,NA,NA, 0.1298304,0.8725,0.5305,0.3883495145631068
413,14.9,0.01715893,NA,NA,NA,NA,NA,NA,NA, 0.0682758,0.9185,0.5027,0.4117647058823529
414,16,-0.000943255,NA,NA,NA,NA,NA,NA,NA, 0.0890725,0.8930,0.5240,0.39603960396039606
415,16.2,0.007029344,NA,NA,NA,NA,NA,NA,NA, 0.0575515,0.9742,0.5009,0.4326923076923077
416,14,-0.002838352,NA,NA,NA,NA,NA,NA,NA, 0.1242361,0.8679,0.5069,0.3838383838383838
417,15.8,-0.036302395,NA,NA,NA,NA,NA,NA,NA,-0.0791838,1.1257,0.4338,0.5
418,14.7,-0.013604107,NA,NA,NA,NA,NA,NA,NA,-0.0120839,1.0583,0.4558,0.46875
419,15,0.002649013,NA,NA,NA,NA,NA,NA,NA,-0.0001690,0.9827,0.4805,0.43564356435643564
420,13.6,0.028522554,NA,NA,NA,NA,NA,NA,NA,-0.0741532,1.0746,0.4402,0.4787234042553192
421,15.7,0.058790089,NA,NA,NA,NA,NA,NA,NA,-0.0432992,1.0824,0.4546,0.4807692307692308
422,15.9,-0.002556914,NA,NA,NA,NA,NA,NA,NA, 0.0620505,0.9742,0.5083,0.4326923076923077
423,15.3,0.09484001,NA,NA,NA,NA,NA,NA,NA,-0.0959742,1.1453,0.4086,0.5098039215686274
424,14.5,-0.009402902,NA,NA,NA,NA,NA,NA,NA,NA,NA,NA,NA
425,14.4,0.103389246,NA,NA,NA,NA,NA,NA,NA,NA,NA,NA,NA
426,13.5,0.048016593,NA,NA,NA,NA,NA,NA,NA,-0.0746335,1.1001,0.4399,0.4854368932038835
427,14.4,0.003976941,NA,NA,NA,NA,NA,NA,NA,-0.0062568,1.0391,0.4663,0.46153846153846156
428,13.2,0.018534574,NA,NA,NA,NA,NA,NA,NA,NA,NA,NA,NA
429,13.5,-0.004985862,NA,NA,NA,NA,NA,NA,NA,NA,NA,NA,NA
430,15.8,0.061603699,NA,NA,NA,NA,NA,NA,NA, 0.0636069,1.0026,0.4930,0.45161290322580644
431,14.1,0.010058765,NA,NA,NA,NA,NA,NA,NA,NA,NA,NA,NA
432,15.4,0.033505875,NA,NA,NA,NA,NA,NA,NA,NA,NA,NA,NA
433,13.9,-0.012092877,NA,NA,NA,NA,NA,NA,NA,NA,NA,NA,NA
434,15.2,0.003851574,NA,NA,NA,NA,NA,NA,NA,-0.1008644,1.1230,0.4062,0.5
435,14.7,-0.036803912,NA,NA,NA,NA,NA,NA,NA,NA,NA,NA,NA
436,12.8,0.050026827,NA,NA,NA,NA,NA,NA,NA,NA,NA,NA,NA
437,14.1,-0.067357149,NA,NA,NA,NA,NA,NA,NA, 0.0063052,1.0513,0.4762,0.47
438,15.6,-0.00745407,NA,NA,NA,NA,NA,NA,NA, 0.0235606,1.0278,0.4513,0.45544554455445546
439,15.8,-0.012908195,NA,NA,NA,NA,NA,NA,NA, 0.0971394,0.8883,0.5303,0.3979591836734694
440,16,0.002437486,NA,NA,NA,NA,NA,NA,NA,-0.0754133,1.1115,0.4384,0.49
441,13.8,0.033846169,NA,NA,NA,NA,NA,NA,NA,NA,NA,NA,NA
442,14.8,NA,NA,NA,NA,NA,NA,NA,NA, 0.1282871,0.8838,0.5317,0.3958333333333333
443,14.5,-0.045358236,NA,NA,NA,NA,NA,NA,NA, 0.0067396,0.9788,0.4751,0.4375
444,15.6,0.057933779,NA,NA,NA,NA,NA,NA,NA,NA,NA,NA,NA
445,13.3,0.022427071,NA,NA,NA,NA,NA,NA,NA, 0.0026305,1.0514,0.4613,0.47368421052631576
446,15.3,0.000173117,NA,NA,NA,NA,NA,NA,NA,NA,NA,NA,NA
447,12.1,-0.035304599,NA,NA,NA,NA,NA,NA,NA, 0.0072601,0.9821,0.4648,0.43617021276595747
448,14.5,0.043142433,NA,NA,NA,NA,NA,NA,NA, 0.0982323,0.9123,0.5252,0.4077669902912621
449,15.1,-0.086304532,NA,NA,NA,NA,NA,NA,NA,-0.0334123,0.9900,0.4575,0.44086021505376344
450,10,-0.012320576,NA,NA,NA,NA,NA,NA,NA, 0.1709406,0.8731,0.5430,0.39
451,14.8,-0.014273637,NA,NA,NA,NA,NA,NA,NA, 0.1302391,0.8486,0.5178,0.38461538461538464
452,14.8,-0.072776286,NA,NA,NA,NA,NA,NA,NA,-0.1792149,1.2774,0.3611,0.5742574257425742
453,15.4,-0.03200821,NA,NA,NA,NA,NA,NA,NA, 0.0492382,0.9772,0.5028,0.44
454,15.5,0.012118455,NA,NA,NA,NA,NA,NA,NA, 0.1446874,0.8814,0.5370,0.3978494623655914
455,16.6,0.068735408,NA,NA,NA,NA,NA,NA,NA, 0.0895358,0.9312,0.4964,0.4166666666666667
456,15.8,0.037073439,NA,NA,NA,NA,NA,NA,NA, 0.1419514,0.8344,0.5495,0.3764705882352941
457,14.6,0.033615055,NA,NA,NA,NA,NA,NA,NA,-0.0210951,1.0299,0.4202,0.47191011235955055
458,13.4,0.03252252,NA,NA,NA,NA,NA,NA,NA,-0.0556774,1.0718,0.4232,0.4787234042553192
459,14.4,0.053441706,NA,NA,NA,NA,NA,NA,NA, 0.0960506,0.9172,0.5101,0.4065934065934066
460,14.8,0.027392527,NA,NA,NA,NA,NA,NA,NA, 0.0825373,0.9475,0.5260,0.425531914893617
461,14.2,0.024776718,NA,NA,NA,NA,NA,NA,NA, 0.0726360,0.9144,0.4704,0.41
462,15.2,0.049143248,NA,NA,NA,NA,NA,NA,NA,-0.0607807,1.0772,0.4394,0.48484848484848486
463,14.1,0.02363133,NA,NA,NA,NA,NA,NA,NA, 0.0026964,1.0634,0.4581,0.46938775510204084
464,17.1,0.017425002,NA,NA,NA,NA,NA,NA,NA, 0.1617534,0.8147,0.5710,0.36666666666666664
465,14,0.007336436,NA,NA,NA,NA,NA,NA,NA,NA,NA,NA,NA
466,14.5,0.087852497,NA,NA,NA,NA,NA,NA,NA,NA,NA,NA,NA
467,14.5,0.029405275,NA,NA,NA,NA,NA,NA,NA, 0.0287635,1.0151,0.4740,0.4574468085106383
468,15.1,0.008753018,NA,NA,NA,NA,NA,NA,NA,-0.0089064,1.0532,0.4541,0.46534653465346537
469,14.6,-0.002226844,NA,NA,NA,NA,NA,NA,NA, 0.0761709,0.9235,0.5041,0.40816326530612246
470,15.3,-0.010892867,NA,NA,NA,NA,NA,NA,NA, 0.0171681,1.0339,0.4715,0.45454545454545453
471,13.8,-0.003894237,NA,NA,NA,NA,NA,NA,NA, 0.1093264,0.8998,0.5739,0.39805825242718446
472,14.4,-0.00109934,NA,NA,NA,NA,NA,NA,NA,-0.0565016,1.0534,0.4384,0.46601941747572817
473,13.8,0.032610353,NA,NA,NA,NA,NA,NA,NA,-0.0378719,1.0682,0.4464,0.47058823529411764
474,15.5,-0.00690739,NA,NA,NA,NA,NA,NA,NA,-0.0113408,1.0098,0.4613,0.4444444444444444
475,12.6,-0.17853228,NA,NA,NA,NA,NA,NA,NA,-0.0331118,1.0556,0.4445,0.46938775510204084
476,15.2,0.04027765,NA,NA,NA,NA,NA,NA,NA, 0.1469508,0.8356,0.5454,0.37373737373737376
477,14.5,0.04624434,NA,NA,NA,NA,NA,NA,NA, 0.1263595,0.9072,0.5168,0.4020618556701031
478,13.9,0.019996396,NA,NA,NA,NA,NA,NA,NA,-0.0550475,1.0239,0.4346,0.45
479,14.2,0.023297011,NA,NA,NA,NA,NA,NA,NA, 0.0452017,0.9759,0.4909,0.43564356435643564
480,14.8,-0.060441192,NA,NA,NA,NA,NA,NA,NA, 0.0327477,0.9946,0.5089,0.43157894736842106
481,14.6,0.003594864,NA,NA,NA,NA,NA,NA,NA, 0.1192683,0.8507,0.5475,0.37755102040816324
482,15.7,NA,NA,NA,NA,NA,NA,NA,NA, 0.0989769,0.9449,0.5064,0.4158415841584158
483,10.3,0.009322734,NA,NA,NA,NA,NA,NA,NA, 0.0737803,0.9357,0.5321,0.4117647058823529
484,18.3,0.052367112,NA,NA,NA,NA,NA,NA,NA, 0.0381707,1.0179,0.4545,0.45054945054945056
485,15.7,-0.035779598,NA,NA,NA,NA,NA,NA,NA, 0.0465921,0.9889,0.4975,0.4411764705882353
486,13.8,0.050687801,NA,NA,NA,NA,NA,NA,NA, 0.0172748,1.0237,0.4870,0.45098039215686275
487,15,-0.043380418,NA,NA,NA,NA,NA,NA,NA, 0.2154611,0.8227,0.5445,0.36363636363636365
488,14.8,0.04541108,NA,NA,NA,NA,NA,NA,NA, 0.0973018,0.9292,0.5046,0.41414141414141414
489,16.8,-0.018541425,NA,NA,NA,NA,NA,NA,NA, 0.1018325,0.9134,0.5108,0.4019607843137255
490,14.8,-0.07815109,NA,NA,NA,NA,NA,NA,NA, 0.1240816,0.8911,0.5200,0.39215686274509803
491,14.3,0.08630533,NA,NA,NA,NA,NA,NA,NA,-0.1044723,1.1139,0.4113,0.49019607843137253
492,14.3,-0.009689476,NA,NA,NA,NA,NA,NA,NA, 0.0494211,0.9437,0.4995,0.4174757281553398
493,16,NA,NA,NA,NA,NA,NA,NA,NA, 0.0502647,0.9799,0.4700,0.43564356435643564
494,15.5,0.019322632,NA,NA,NA,NA,NA,NA,NA, 0.2104305,0.8462,0.5996,0.37254901960784315
495,15.4,0.012291595,NA,NA,NA,NA,NA,NA,NA,-0.0069788,1.0754,0.4409,0.47572815533980584
496,15.7,0.012733369,NA,NA,NA,NA,NA,NA,NA, 0.0108210,1.0403,0.4761,0.46
497,16.4,0.009725314,NA,NA,NA,NA,NA,NA,NA, 0.0388749,1.0109,0.4694,0.45098039215686275
498,15.8,-0.000210639,NA,NA,NA,NA,NA,NA,NA,NA,NA,NA,NA
499,14.1,0.045863908,NA,NA,NA,NA,NA,NA,NA, 0.0758350,0.9315,0.5264,0.4117647058823529
500,15.1,0.055062146,NA,NA,NA,NA,NA,NA,NA,-0.1059338,1.1562,0.3839,0.5098039215686274
501,14.9,-0.018053539,NA,NA,NA,NA,NA,NA,NA, 0.2826418,0.6949,0.6384,0.30927835051546393
502,15,NA,NA,NA,NA,NA,NA,NA,NA,-0.1401437,1.2838,0.3473,0.5643564356435643
503,15.9,-0.012030576,NA,NA,NA,NA,NA,NA,NA,-0.0410954,1.0549,0.4455,0.4742268041237113
504,17.7,0.149027175,NA,NA,NA,NA,NA,NA,NA,NA,NA,NA,NA
505,14,0.044913837,NA,NA,NA,NA,NA,NA,NA,-0.1152682,1.1412,0.4367,0.5048543689320388
506,11.2,0.043440955,NA,NA,NA,NA,NA,NA,NA,NA,NA,NA,NA
507,16.9,-0.003950484,NA,NA,NA,NA,NA,NA,NA,-0.0289486,1.0534,0.4274,0.46601941747572817
508,15.4,-0.075489244,NA,NA,NA,NA,NA,NA,NA, 0.0509794,1.0061,0.4867,0.4411764705882353
509,14.8,0.06372394,NA,NA,NA,NA,NA,NA,NA, 0.0359017,1.0370,0.4723,0.45544554455445546
510,15.4,0.068814729,NA,NA,NA,NA,NA,NA,NA, 0.0321359,0.9704,0.4992,0.41935483870967744
511,13.5,-0.022881642,NA,NA,NA,NA,NA,NA,NA, 0.0811118,0.9125,0.5300,0.4019607843137255
512,15.8,0.071626637,NA,NA,NA,NA,NA,NA,NA,-0.0158195,1.0534,0.4704,0.46601941747572817
513,15.8,-0.065183165,NA,NA,NA,NA,NA,NA,NA,-0.0299032,1.0345,0.4561,0.46078431372549017
514,15.3,0.062320944,NA,NA,NA,NA,NA,NA,NA,-0.0994503,1.1395,0.3977,0.5102040816326531
515,16,0.01187879,NA,NA,NA,NA,NA,NA,NA,-0.0858866,1.1120,0.4466,0.494949494949495
516,16.7,0.025819793,NA,NA,NA,NA,NA,NA,NA,-0.0901387,1.0988,0.4310,0.49019607843137253
517,15.1,0.015008817,NA,NA,NA,NA,NA,NA,NA, 0.0436086,0.9817,0.4726,0.4387755102040816
518,13.1,0.003447306,NA,NA,NA,NA,NA,NA,NA, 0.0138326,0.9669,0.4827,0.43137254901960786
519,15.2,-0.053712064,NA,NA,NA,NA,NA,NA,NA, 0.0175165,1.0041,0.4715,0.44554455445544555
520,14.1,0.047104904,NA,NA,NA,NA,NA,NA,NA,-0.0223526,1.0960,0.4396,0.48484848484848486
521,16.6,-0.023627922,NA,NA,NA,NA,NA,NA,NA,-0.0981872,1.1851,0.3816,0.5242718446601942
522,12.5,-0.026801448,NA,NA,NA,NA,NA,NA,NA, 0.0582370,0.9657,0.4761,0.42718446601941745
523,11.9,-0.124354481,NA,NA,NA,NA,NA,NA,NA, 0.0348997,0.9889,0.5015,0.4411764705882353
524,13.9,-0.027956241,NA,NA,NA,NA,NA,NA,NA, 0.0168616,1.0669,0.4673,0.47474747474747475
525,15.3,-0.075838953,NA,NA,NA,NA,NA,NA,NA, 0.0288559,0.9449,0.4790,0.4215686274509804
526,15.1,-0.01348815,NA,NA,NA,NA,NA,NA,NA, 0.0272955,1.0341,0.4583,0.46
527,15.7,-0.098613142,NA,NA,NA,NA,NA,NA,NA, 0.0592668,0.9357,0.4968,0.4117647058823529
528,13.3,-0.054463437,NA,NA,NA,NA,NA,NA,NA, 0.1502387,0.8790,0.5531,0.39215686274509803
529,15.5,-0.059809239,NA,NA,NA,NA,NA,NA,NA,-0.0968950,1.1193,0.4484,0.49514563106796117
530,13.6,-0.114398932,NA,NA,NA,NA,NA,NA,NA,-0.1093872,1.1240,0.4175,0.49
531,13.9,NA,NA,NA,NA,NA,NA,NA,NA, 0.1083667,0.9218,0.5253,0.4077669902912621
532,15.2,-0.067076511,NA,NA,NA,NA,NA,NA,NA,-0.0454343,1.1606,0.4279,0.5204081632653061
533,15.8,-0.071008298,NA,NA,NA,NA,NA,NA,NA, 0.0715844,0.9374,0.5112,0.42
534,15.1,-0.006315497,NA,NA,NA,NA,NA,NA,NA,-0.0155114,1.0144,0.4790,0.44554455445544555
535,15.7,0.009904392,NA,NA,NA,NA,NA,NA,NA, 0.0292683,1.0079,0.4677,0.4421052631578947
536,14.4,-0.036382584,NA,NA,NA,NA,NA,NA,NA, 0.0133226,1.0542,0.4706,0.4639175257731959
537,14.6,-0.063703468,NA,NA,NA,NA,NA,NA,NA, 0.1684960,0.8812,0.5467,0.38613861386138615
538,15.1,-0.036913932,NA,NA,NA,NA,NA,NA,NA,-0.0076582,1.0638,0.4625,0.47
539,13.7,-0.096933855,NA,NA,NA,NA,NA,NA,NA,-0.0695328,1.1001,0.4272,0.48514851485148514
540,14.5,-0.014511585,NA,NA,NA,NA,NA,NA,NA,-0.0388150,1.1119,0.4254,0.5
541,16.9,0.003294621,NA,NA,NA,NA,NA,NA,NA,-0.1068199,1.2030,0.4012,0.5294117647058824
542,14.9,-0.061314556,NA,NA,NA,NA,NA,NA,NA, 0.2870722,0.7529,0.6232,0.3333333333333333
543,14.7,0.002687396,NA,NA,NA,NA,NA,NA,NA, 0.1021193,0.8934,0.5284,0.4
544,13.4,-0.142327895,NA,NA,NA,NA,NA,NA,NA,-0.0983887,1.1632,0.4041,0.5145631067961165
545,15.4,NA,NA,NA,NA,NA,NA,NA,NA, 0.0147818,1.0195,0.4749,0.4536082474226804
546,16.5,-0.046922357,NA,NA,NA,NA,NA,NA,NA,-0.0139878,1.0312,0.4482,0.46
547,15.4,-0.003887379,NA,NA,NA,NA,NA,NA,NA, 0.0068671,1.1142,0.4298,0.49019607843137253
548,15.5,-0.026939611,NA,NA,NA,NA,NA,NA,NA,-0.1889203,1.2510,0.3398,0.5533980582524272
549,14.8,-0.023121322,NA,NA,NA,NA,NA,NA,NA,-0.1351791,1.2348,0.4173,0.5445544554455446
550,15.9,0.018440764,NA,NA,NA,NA,NA,NA,NA,-0.0229345,1.0552,0.4758,0.46534653465346537
551,14.3,-0.051608907,NA,NA,NA,NA,NA,NA,NA,-0.1468836,1.1797,0.3794,0.5252525252525253
552,16.1,-0.043631133,NA,NA,NA,NA,NA,NA,NA, 0.1026165,0.9052,0.4945,0.40404040404040403
553,15.4,0.021609187,NA,NA,NA,NA,NA,NA,NA,NA,NA,NA,NA
554,15.6,0.027928959,NA,NA,NA,NA,NA,NA,NA,NA,NA,NA,NA
555,16.1,0.020647155,NA,NA,NA,NA,NA,NA,NA, 0.1070102,0.9374,0.4849,0.41836734693877553
556,15.2,0.015939291,NA,NA,NA,NA,NA,NA,NA,-0.0606125,1.0574,0.4699,0.46153846153846156
557,14.7,0.017228847,NA,NA,NA,NA,NA,NA,NA, 0.1740259,0.8340,0.5591,0.36893203883495146
558,14.8,-0.044516424,NA,NA,NA,NA,NA,NA,NA,-0.1427569,1.2138,0.4091,0.53125
559,13.5,-0.003419156,NA,NA,NA,NA,NA,NA,NA, 0.1864043,0.7991,0.5729,0.34782608695652173
560,17,-0.060465959,NA,NA,NA,NA,NA,NA,NA,-0.0963874,1.1035,0.4043,0.48514851485148514
561,14.1,-0.060196439,NA,NA,NA,NA,NA,NA,NA,-0.0367716,1.0725,0.4469,0.4752475247524752
562,14.4,-0.034580443,NA,NA,NA,NA,NA,NA,NA, 0.0399677,1.0015,0.4696,0.4444444444444444
563,15.7,-0.014553377,NA,NA,NA,NA,NA,NA,NA, 0.0940766,0.9729,0.5226,0.4342105263157895
564,14.5,-0.072140041,NA,NA,NA,NA,NA,NA,NA, 0.0234144,0.9760,0.5023,0.42424242424242425
565,15,NA,NA,NA,NA,NA,NA,NA,NA, 0.1192496,0.8567,0.5448,0.375
566,15.7,NA,NA,NA,NA,NA,NA,NA,NA, 0.0110397,1.0186,0.4591,0.44776119402985076
567,14.3,NA,NA,NA,NA,NA,NA,NA,NA,-0.0065174,1.0990,0.4310,0.4939759036144578
568,14.6,NA,NA,NA,NA,NA,NA,NA,NA, 0.2138011,0.8213,0.5839,0.35789473684210527
569,15.6,NA,NA,NA,NA,NA,NA,NA,NA, 0.1431254,0.8815,0.5477,0.3854166666666667
570,15,NA,NA,NA,NA,NA,NA,NA,NA,-0.1897011,1.2916,0.3911,0.5652173913043478
571,14.5,NA,NA,NA,NA,NA,NA,NA,NA,-0.0229984,1.0013,0.4727,0.43956043956043955
572,15,NA,NA,NA,NA,NA,NA,NA,NA, 0.1831756,0.8070,0.5560,0.34831460674157305
573,14.4,NA,NA,NA,NA,NA,NA,NA,NA, 0.0017781,1.0332,0.4519,0.45054945054945056
574,14.8,NA,NA,NA,NA,NA,NA,NA,NA, 0.2064399,0.8274,0.5772,0.358695652173913
575,15.2,NA,NA,NA,NA,NA,NA,NA,NA,-0.0115405,1.0870,0.4326,0.4791666666666667
576,13,NA,NA,NA,NA,NA,NA,NA,NA,-0.1164730,1.1727,0.4218,0.5180722891566265
577,12.9,NA,NA,NA,NA,NA,NA,NA,NA, 0.0938230,0.9402,0.5105,0.40816326530612246
578,15.1,NA,NA,NA,NA,NA,NA,NA,NA, 0.0005867,1.0678,0.4925,0.4588235294117647
579,14.2,NA,NA,NA,NA,NA,NA,NA,NA, 0.0655928,0.9327,0.5114,0.40789473684210525
580,14.8,NA,NA,NA,NA,NA,NA,NA,NA,-0.1085745,1.1925,0.3834,0.5204081632653061
581,15.7,NA,NA,NA,NA,NA,NA,NA,NA, 0.0121003,1.0060,0.4879,0.43478260869565216
582,15.7,NA,NA,NA,NA,NA,NA,NA,NA, 0.1699153,0.7784,0.5851,0.3235294117647059
583,16.2,NA,NA,NA,NA,NA,NA,NA,NA, 0.0089867,1.0244,0.4696,0.4421052631578947
584,15.5,NA,NA,NA,NA,NA,NA,NA,NA, 0.0005514,1.0262,0.4546,0.44047619047619047
585,14.3,NA,NA,NA,NA,NA,NA,NA,NA, 0.0961246,0.8726,0.5161,0.37362637362637363
586,15.4,NA,NA,NA,NA,NA,NA,NA,NA,-0.0361737,1.0595,0.4785,0.45652173913043476
587,16.2,NA,NA,NA,NA,NA,NA,NA,NA, 0.0823194,0.9526,0.4975,0.4117647058823529
588,14.2,NA,NA,NA,NA,NA,NA,NA,NA,-0.0413552,1.0307,0.4382,0.44329896907216493
589,15.4,NA,NA,NA,NA,NA,NA,NA,NA, 0.2412168,0.8070,0.5785,0.35294117647058826
590,15.5,NA,NA,NA,NA,NA,NA,NA,NA, 0.1406075,0.8662,0.5529,0.38372093023255816
591,14.4,NA,NA,NA,NA,NA,NA,NA,NA, 0.0260475,1.0133,0.5030,0.4383561643835616
592,14.5,NA,NA,NA,NA,NA,NA,NA,NA,-0.1683019,1.2919,0.4043,0.5294117647058824
593,13.8,NA,NA,NA,NA,NA,NA,NA,NA, 0.1268370,0.9006,0.5501,0.3877551020408163
594,13.9,NA,NA,NA,NA,NA,NA,NA,NA,-0.0198552,0.9954,0.4727,0.42857142857142855
595,16.3,NA,NA,NA,NA,NA,NA,NA,NA, 0.0200434,1.0205,0.4735,0.44329896907216493
596,16.4,NA,NA,NA,NA,NA,NA,NA,NA, 0.0968989,0.8830,0.5140,0.3838383838383838
597,13.1,NA,NA,NA,NA,NA,NA,NA,NA, 0.0664088,0.9527,0.5039,0.41414141414141414
598,13.2,NA,NA,NA,NA,NA,NA,NA,NA, 0.1534065,0.9063,0.5628,0.3939393939393939
599,15.8,NA,NA,NA,NA,NA,NA,NA,NA, 0.0710272,0.9527,0.5013,0.41414141414141414
600,15.5,NA,NA,NA,NA,NA,NA,NA,NA,-0.0820678,1.1154,0.4392,0.48484848484848486
601,15.5,NA,NA,NA,NA,NA,NA,NA,NA,-0.0176749,1.0107,0.4840,0.4387755102040816
602,10.4,NA,NA,NA,NA,NA,NA,NA,NA,NA,NA,NA,NA
603,13.3,NA,NA,NA,NA,NA,NA,NA,NA, 0.0727505,0.9466,0.5310,0.41237113402061853
604,12.9,NA,NA,NA,NA,NA,NA,NA,NA, 0.2996022,0.7029,0.6436,0.30612244897959184
605,14.8,NA,NA,NA,NA,NA,NA,NA,NA,-0.0645011,1.1386,0.4390,0.494949494949495
606,15.7,NA,NA,NA,NA,NA,NA,NA,NA, 0.1646679,0.8535,0.5639,0.3711340206185567
607,14.3,NA,NA,NA,NA,NA,NA,NA,NA, 0.0063614,1.0006,0.4891,0.4387755102040816
608,16.3,NA,NA,NA,NA,NA,NA,NA,NA,-0.0402276,1.0798,0.4505,0.47368421052631576
609,14.5,NA,NA,NA,NA,NA,NA,NA,NA,-0.0216093,1.0224,0.4576,0.4444444444444444
610,13.8,NA,NA,NA,NA,NA,NA,NA,NA, 0.0680906,0.9667,0.5018,0.41836734693877553
611,15.6,NA,NA,NA,NA,NA,NA,NA,NA, 0.0129906,1.0577,0.5051,0.45918367346938777
612,15.1,NA,NA,NA,NA,NA,NA,NA,NA,-0.1515288,1.1840,0.4223,0.5104166666666666
613,12.4,NA,NA,NA,NA,NA,NA,NA,NA, 0.3260484,0.6705,0.6298,0.2857142857142857
614,15,NA,NA,NA,NA,NA,NA,NA,NA, 0.2567838,0.7386,0.6588,0.3125
615,14.6,NA,NA,NA,NA,NA,NA,NA,NA, 0.1291280,0.9201,0.5645,0.3695652173913043
616,15.1,NA,NA,NA,NA,NA,NA,NA,NA, 0.0763144,1.0385,0.5631,0.375
617,16.3,NA,NA,NA,NA,NA,NA,NA,NA, 0.2228252,0.8155,0.5923,0.3269230769230769
618,15.3,NA,NA,NA,NA,NA,NA,NA,NA, 0.0460658,0.9255,0.4977,0.38961038961038963
619,16,NA,NA,NA,NA,NA,NA,NA,NA, 0.4668168,0.5812,0.7118,0.21052631578947367
620,14,NA,NA,NA,NA,NA,NA,NA,NA, 0.2056766,0.7526,0.6216,0.3246753246753247
621,16,NA,NA,NA,NA,NA,NA,NA,NA, 0.2339642,0.8028,0.6283,0.34408602150537637
622,14.6,NA,NA,NA,NA,NA,NA,NA,NA, 0.2119560,0.8235,0.5751,0.36082474226804123
623,14.9,NA,NA,NA,NA,NA,NA,NA,NA, 0.0605928,0.9527,0.5261,0.41414141414141414
624,15.4,NA,NA,NA,NA,NA,NA,NA,NA,-0.0814712,1.1506,0.4047,0.5
625,15,NA,NA,NA,NA,NA,NA,NA,NA,-0.0320534,1.0457,0.4481,0.45454545454545453
626,15.8,NA,NA,NA,NA,NA,NA,NA,NA,-0.0342979,1.0735,0.4776,0.46875
627,15.6,NA,NA,NA,NA,NA,NA,NA,NA, 0.0859338,0.9527,0.5223,0.41414141414141414
628,14.2,NA,NA,NA,NA,NA,NA,NA,NA, 0.1685056,0.8885,0.5726,0.3877551020408163
629,9.7,NA,NA,NA,NA,NA,NA,NA,NA,NA,NA,NA,NA
630,15.3,NA,NA,NA,NA,NA,NA,NA,NA,-0.1361707,1.1621,0.3884,0.5051546391752577
631,15.3,NA,NA,NA,NA,NA,NA,NA,NA,-0.0539984,1.0809,0.4504,0.4742268041237113
632,14.5,NA,NA,NA,NA,NA,NA,NA,NA, 0.1892487,0.8365,0.5666,0.36363636363636365
633,11.6,NA,NA,NA,NA,NA,NA,NA,NA, 0.0977940,0.9527,0.4984,0.41414141414141414
634,15.2,NA,NA,NA,NA,NA,NA,NA,NA, 0.0510909,1.0457,0.4932,0.45454545454545453
635,15,NA,NA,NA,NA,NA,NA,NA,NA, 0.0415894,0.9717,0.5207,0.41836734693877553
636,14.5,NA,NA,NA,NA,NA,NA,NA,NA, 0.3080394,0.6980,0.6720,0.2857142857142857
637,15.3,NA,NA,NA,NA,NA,NA,NA,NA, 0.0098359,1.0147,0.4852,0.4387755102040816
638,15.6,NA,NA,NA,NA,NA,NA,NA,NA, 0.1286004,0.8967,0.5421,0.3877551020408163
639,15.7,NA,NA,NA,NA,NA,NA,NA,NA, 0.1062252,0.9508,0.5163,0.40625
640,11.7,NA,NA,NA,NA,NA,NA,NA,NA,NA,NA,NA,NA
641,12.5,NA,NA,NA,NA,NA,NA,NA,NA, 0.0468952,0.9707,0.4854,0.425531914893617
642,14.5,NA,NA,NA,NA,NA,NA,NA,NA,-0.1318007,1.1851,0.4193,0.5151515151515151
643,15.5,NA,NA,NA,NA,NA,NA,NA,NA,-0.0219866,0.9909,0.4856,0.43010752688172044
644,16.4,NA,NA,NA,NA,NA,NA,NA,NA, 0.0718926,0.9362,0.5316,0.40217391304347827
645,17.1,NA,NA,NA,NA,NA,NA,NA,NA, 0.2282872,0.7782,0.5988,0.336734693877551
646,15.5,NA,NA,NA,NA,NA,NA,NA,NA,-0.0245142,1.0577,0.4281,0.45918367346938777
647,14.8,NA,NA,NA,NA,NA,NA,NA,NA,-0.0105574,1.0844,0.4392,0.4791666666666667
648,16.1,NA,NA,NA,NA,NA,NA,NA,NA, 0.3474125,0.6619,0.6750,0.2962962962962963
649,15.2,NA,NA,NA,NA,NA,NA,NA,NA, 0.0724283,0.9760,0.5171,0.42424242424242425
650,14.2,NA,NA,NA,NA,NA,NA,NA,NA,-0.0627388,1.1619,0.4468,0.5050505050505051
651,16,NA,NA,NA,NA,NA,NA,NA,NA,-0.1850363,1.2561,0.3564,0.5408163265306123
652,16.1,NA,NA,NA,NA,NA,NA,NA,NA, 0.0041478,1.0483,0.4746,0.4583333333333333
