Number,ID,C294,C294,i-113,i-113,i-127,i-127,Sol-11,Sol-11,Sol-J1,Sol-J1,Jackstraw_PigTail,Jackstraw_PigTail,st_stephen,st_stephen
1,1,106,106,159,163,223,226,141,153,254,258,119,119,257,257
2,2,106,114,165,169,226,226,143,149,254,256,119,129,257,257
3,3,**,**,**,**,221,221,**,**,252,252,117,119,257,257
4,4,112,112,163,165,226,226,141,149,**,**,119,129,257,257
5,5,**,**,**,**,**,**,**,**,**,**,119,119,257,257
6,6,106,106,**,**,**,**,149,153,**,**,119,119,257,257
7,7,100,100,163,163,223,226,145,153,254,256,119,119,257,257
8,8,**,**,**,**,**,**,**,**,**,**,117,119,257,257
9,9,100,108,161,169,**,**,143,149,254,254,117,119,257,257
10,10,**,**,**,**,**,**,**,**,253,253,119,129,257,257
11,11,100,100,163,163,220,222,141,153,258,258,119,119,**,**
12,12,100,100,163,169,223,223,145,149,254,258,119,119,257,257
13,13,100,106,163,163,220,226,149,153,254,256,119,129,257,257
14,14,100,112,163,169,223,223,141,153,254,254,119,129,257,257
15,15,100,100,169,169,223,226,141,145,254,254,119,127,257,257
16,16,112,112,163,169,223,226,141,145,254,258,119,129,257,257
17,17,106,112,163,169,223,226,141,141,256,256,117,119,257,257
18,18,106,106,159,165,**,**,**,**,**,**,119,129,257,257
19,19,100,112,169,169,220,220,141,145,**,**,119,129,257,257
20,20,100,100,163,169,226,226,145,149,258,258,117,129,257,257
21,21,106,106,163,167,223,226,141,149,254,256,117,119,257,257
22,22,112,112,163,165,223,226,143,153,254,254,117,117,257,257
23,23,108,112,165,169,**,**,149,149,256,258,129,129,257,257
24,24,100,106,163,169,223,223,149,153,258,258,117,117,257,257
25,25,106,106,159,163,220,223,153,153,254,254,119,119,257,257
26,26,92,106,169,169,223,226,149,153,254,258,119,119,257,257
27,27,100,106,169,169,223,226,149,149,254,254,119,119,257,257
28,28,100,100,165,165,223,223,149,149,258,258,117,129,257,257
29,29,106,106,169,169,**,**,141,141,258,258,119,119,257,260
30,30,106,106,163,169,223,226,141,149,254,256,119,129,257,257
31,31,106,106,165,169,220,223,141,141,254,258,119,127,257,257
32,32,92,106,163,169,220,223,149,153,254,254,119,129,257,257
33,33,106,106,163,169,223,226,141,145,256,258,119,119,257,257
34,34,100,112,165,169,223,223,141,141,254,254,117,119,257,257
35,35,100,100,163,163,220,223,141,149,254,254,117,119,257,257
36,36,92,100,163,169,**,**,141,153,254,258,119,119,257,257
37,37,100,112,163,165,220,223,141,141,256,256,117,127,257,257
38,38,100,100,167,169,223,226,143,149,254,258,119,129,257,257
39,39,106,106,163,169,223,223,141,149,254,254,119,119,257,257
40,40,**,**,163,169,223,223,141,143,254,254,119,129,257,257
41,41,100,112,163,163,223,226,141,153,254,258,117,119,257,257
42,42,100,100,163,165,223,226,145,153,254,254,119,119,257,257
43,43,100,108,165,167,223,226,143,153,254,258,117,129,257,257
44,44,100,100,159,163,223,226,141,141,254,258,119,129,257,260
45,45,106,106,163,169,223,226,145,149,254,258,117,129,257,257
46,46,100,106,163,163,**,**,141,145,253,253,117,117,257,257
47,47,100,100,165,165,**,**,141,153,**,**,119,129,257,257
48,48,100,106,169,169,226,226,141,143,254,258,119,119,257,257
49,49,100,112,165,165,226,226,143,153,258,258,119,129,257,260
50,50,106,106,163,165,223,223,141,141,254,254,117,119,257,257
51,51,106,106,163,169,223,226,141,145,258,258,119,129,257,257
52,52,112,112,163,163,**,**,141,149,254,254,129,129,257,257
53,53,96,96,163,169,**,**,141,149,**,**,119,119,257,257
54,54,106,108,163,169,223,226,141,141,258,258,117,119,257,257
55,55,106,112,163,169,223,223,141,141,254,254,117,129,257,257
56,56,100,106,163,169,223,226,149,153,256,258,117,119,**,**
57,57,106,106,163,169,223,226,141,153,256,258,117,117,257,257
58,58,100,100,167,169,223,223,141,153,254,258,119,119,**,**
59,59,106,112,163,163,**,**,145,153,254,254,119,119,257,257
60,60,100,112,169,169,**,**,149,153,**,**,117,119,257,260
61,61,106,112,163,163,220,223,141,141,254,254,117,129,257,257
62,62,100,106,165,165,223,226,145,145,254,258,119,119,257,257
63,63,100,106,163,163,223,223,141,149,254,258,129,129,257,257
64,64,106,106,165,165,220,223,149,149,**,**,119,119,257,257
65,65,106,112,163,165,223,223,141,149,254,254,117,117,257,257
66,66,106,112,169,169,223,226,141,149,254,258,119,119,257,257
67,67,100,106,169,169,223,223,141,149,254,254,119,119,257,257
68,68,106,106,**,**,**,**,149,149,**,**,119,119,254,257
69,69,100,106,165,169,**,**,141,141,**,**,119,119,257,257
70,70,100,100,163,169,**,**,**,**,256,256,117,119,257,257
71,71,106,112,169,169,223,226,143,153,254,256,129,129,257,257
72,72,108,108,**,**,**,**,149,149,**,**,119,129,257,257
73,73,106,112,163,163,223,223,141,145,254,254,119,129,257,257
74,74,106,106,165,169,223,226,141,141,254,258,119,119,257,257
75,75,106,112,167,169,226,226,145,149,256,256,129,129,257,257
76,76,106,106,163,169,223,226,149,149,258,258,119,129,257,257
77,77,106,112,163,169,223,223,149,153,256,258,117,119,257,260
78,78,100,106,169,169,223,223,149,153,254,258,119,119,257,257
79,79,100,100,159,169,223,223,141,153,256,256,119,119,257,257
80,80,106,106,163,163,223,226,141,149,254,254,119,119,254,257
81,81,106,108,169,169,223,223,141,149,256,256,119,129,257,257
82,82,106,106,163,169,223,223,141,141,254,256,119,119,257,257
83,83,100,106,163,167,**,**,149,149,**,**,117,119,257,257
84,84,100,112,159,165,226,226,141,141,254,254,119,119,257,257
85,85,106,106,159,169,223,223,145,145,254,254,119,129,257,257
86,86,106,106,165,165,223,226,149,153,256,258,119,119,257,257
87,87,106,112,159,169,223,226,143,153,254,256,129,129,257,257
88,88,100,106,163,163,223,226,141,145,254,256,117,117,257,257
89,89,106,108,163,169,**,**,143,149,256,256,119,119,257,257
90,90,100,108,165,165,220,223,141,141,258,258,119,119,257,257
91,91,**,**,**,**,**,**,**,**,**,**,119,119,260,260
92,92,100,106,163,169,220,223,141,141,254,254,117,129,257,257
93,93,112,112,163,169,223,226,141,149,254,258,119,129,257,257
94,94,106,112,163,165,226,226,141,149,254,254,119,129,257,257
95,95,106,106,165,169,223,226,141,143,256,256,119,119,257,257
96,96,106,106,163,165,OL,226,141,145,254,256,117,119,257,257
97,97,92,106,163,169,223,226,149,153,254,254,117,119,257,257
98,98,100,112,165,169,223,226,141,141,254,258,119,129,257,257
99,99,100,106,169,169,223,226,149,149,254,258,119,129,257,257
100,100,112,112,163,169,220,223,141,149,254,258,119,119,257,257
101,101,92,112,163,163,220,223,143,153,254,254,117,119,257,257
102,102,100,106,163,163,223,226,141,149,258,258,119,119,257,257
103,103,106,108,163,169,223,223,141,145,254,258,119,119,257,257
104,104,106,106,163,169,223,226,141,153,254,254,117,129,257,257
105,105,106,106,163,169,223,223,153,153,254,258,**,**,**,**
106,106,96,112,**,**,**,**,**,**,**,**,117,119,257,257
107,107,106,106,**,**,**,**,**,**,**,**,117,119,257,260
108,108,100,112,**,**,**,**,**,**,**,**,129,129,257,257
109,109,100,106,163,169,223,223,149,149,254,258,117,129,257,257
110,110,92,106,163,169,223,223,149,149,254,258,119,119,257,257
111,111,112,112,163,169,223,226,141,153,254,258,117,119,257,257
112,112,100,108,165,169,223,226,141,149,254,258,119,119,257,257
113,113,100,106,163,169,223,223,143,153,254,258,119,119,257,257
114,114,100,106,163,165,226,226,143,149,254,258,119,119,257,257
115,115,106,108,169,169,**,**,149,153,254,254,119,129,257,257
116,116,106,112,165,165,223,226,143,145,254,254,129,129,257,257
117,117,100,112,163,163,223,223,141,149,254,258,119,119,257,257
118,118,106,108,163,163,217,223,145,149,254,256,117,129,257,257
119,119,106,106,**,**,220,226,**,**,**,**,119,129,257,257
120,120,106,106,**,**,**,**,**,**,**,**,119,127,254,257
121,121,106,112,163,169,223,226,145,149,254,258,117,117,257,257
122,122,106,106,159,169,223,223,141,141,258,258,119,119,254,257
123,123,100,106,163,165,223,226,141,153,254,258,119,119,257,257
124,124,100,112,163,169,223,223,141,149,254,254,119,129,257,257
125,125,100,100,159,169,223,223,149,149,254,254,119,129,257,257
126,126,100,112,163,169,223,226,141,149,254,258,117,119,257,257
127,127,100,100,169,169,226,226,141,153,254,256,119,119,257,257
128,128,106,108,163,169,223,226,141,143,254,258,129,129,257,257
129,129,106,112,163,165,217,226,145,153,254,256,119,129,257,257
130,130,96,96,169,169,220,223,145,149,254,256,119,129,257,257
131,131,106,106,163,163,223,223,145,149,256,258,119,129,257,257
132,132,100,100,**,**,**,**,**,**,**,**,117,119,257,257
133,133,100,106,163,169,220,226,141,141,258,258,129,129,257,257
134,134,106,112,163,163,220,223,141,149,254,256,119,129,257,257
135,135,106,106,169,169,223,223,143,145,256,258,119,119,257,257
136,136,100,100,163,169,220,226,141,141,254,254,117,119,257,257
137,137,106,112,163,169,220,226,145,149,254,254,117,119,257,257
138,138,92,108,163,169,226,226,141,141,254,258,119,129,257,257
139,139,100,106,165,169,226,226,**,**,**,**,119,119,257,257
140,140,106,106,163,165,226,226,149,149,254,254,127,129,257,257
141,141,100,100,**,**,**,**,141,145,254,258,119,119,257,257
142,142,100,108,163,169,220,226,141,141,254,258,119,129,257,257
143,143,**,**,163,169,223,223,141,149,254,258,117,117,257,257
144,144,100,106,165,169,223,226,**,**,**,**,119,119,257,257
145,145,100,100,163,165,223,226,141,149,254,254,119,129,257,257
146,146,106,112,163,163,223,223,141,149,254,254,117,119,257,257
147,147,96,106,167,169,223,226,141,149,254,254,117,119,257,257
148,148,106,106,165,169,223,226,143,153,254,258,119,119,257,257
149,149,100,106,163,165,223,223,141,153,256,258,119,129,254,257
150,151,100,106,163,169,226,226,141,143,256,256,119,129,257,257
151,152,100,106,159,163,223,226,141,145,256,256,119,129,257,257
152,153,100,106,167,169,220,223,141,149,254,258,117,119,257,260
153,154,100,106,165,169,220,223,153,153,254,254,117,119,257,257
154,155,112,112,163,169,223,226,141,145,254,258,119,127,257,257
155,156,106,106,**,**,**,**,**,**,**,**,119,129,257,257
156,157,100,106,163,169,223,223,145,149,258,258,119,129,257,257
157,158,100,112,163,165,220,220,149,149,254,258,119,129,**,**
158,159,100,106,163,169,223,223,143,145,254,256,117,119,257,257
159,160,100,112,163,165,223,223,141,153,254,254,119,129,257,257
160,161,106,112,163,169,223,226,149,149,258,258,119,129,257,257
161,162,100,112,163,169,220,223,141,153,254,258,119,129,257,257
162,163,106,108,159,163,223,223,141,141,254,258,117,119,257,257
163,164,106,106,165,165,223,223,149,149,254,254,119,129,257,257
164,165,106,112,163,167,223,223,143,149,254,254,127,129,257,257
165,166,112,112,163,169,223,226,141,145,254,256,119,119,257,257
166,167,100,106,163,169,226,226,141,143,254,256,119,129,257,257
167,168,112,112,163,169,223,223,**,**,**,**,117,119,257,257
168,169,100,100,163,169,223,223,141,141,254,258,119,119,257,257
169,170,106,106,163,169,226,226,153,153,254,258,117,129,257,257
170,171,100,108,163,167,223,223,143,149,254,254,119,119,257,257
171,172,100,106,169,169,223,223,141,149,254,258,117,119,257,257
172,173,100,100,159,169,223,223,141,149,254,254,129,129,257,257
173,174,106,106,159,169,226,226,141,141,254,258,117,119,257,257
174,175,100,106,163,169,223,226,153,153,254,258,117,119,257,260
175,176,100,100,163,165,223,223,149,149,254,254,119,129,257,257
176,177,**,**,159,163,226,226,141,145,254,260,129,129,257,257
177,178,106,112,163,163,223,223,141,149,254,258,119,119,257,257
178,179,106,106,**,**,**,**,**,**,**,**,117,119,257,257
179,180,100,112,**,**,**,**,**,**,**,**,117,117,257,257
180,181,106,106,169,169,223,223,141,145,254,254,119,119,257,257
181,182,100,112,159,169,223,226,143,149,254,254,119,119,257,257
182,183,106,112,163,169,220,226,141,149,**,**,119,119,257,257
183,184,106,108,169,169,223,226,143,153,256,258,119,119,257,257
184,185,106,106,163,169,223,223,141,143,254,258,119,119,257,257
185,186,106,106,163,169,223,226,141,141,254,254,117,129,257,260
186,187,106,106,165,169,223,223,141,145,254,254,119,129,257,260
187,188,112,112,163,169,223,223,141,149,254,258,119,119,257,257
188,189,100,106,163,165,223,223,153,153,254,254,117,119,257,257
189,190,92,106,**,**,**,**,145,149,256,256,119,129,257,257
190,191,100,112,**,**,**,**,**,**,**,**,119,129,257,257
191,192,112,112,**,**,**,**,**,**,**,**,117,119,257,257
192,193,100,112,163,169,223,226,145,149,256,256,119,119,257,257
193,194,106,112,163,165,223,223,141,149,254,254,119,119,257,257
194,195,106,106,163,163,223,223,141,149,258,258,119,129,257,257
195,196,**,**,**,**,**,**,**,**,253,256,119,129,257,257
196,197,106,108,163,163,223,226,141,141,254,256,119,129,257,257
197,198,112,112,165,165,223,226,143,149,254,256,117,117,257,257
198,199,100,112,163,163,223,226,143,143,254,256,117,119,257,257
199,200,106,106,159,169,220,223,141,141,254,254,117,119,257,257
200,201,100,112,167,169,223,223,149,149,256,258,117,117,257,257
201,202,100,106,**,**,**,**,141,143,254,258,**,**,**,**
202,203,106,106,**,**,**,**,149,149,254,256,119,129,257,257
203,204,100,106,169,169,223,226,149,153,254,258,119,127,257,257
204,205,106,108,163,169,223,223,149,149,254,254,119,127,257,257
205,206,100,100,165,169,220,223,141,145,254,256,117,119,257,257
206,207,100,106,165,169,226,226,149,153,254,254,119,119,257,257
207,208,112,112,163,165,220,226,145,149,254,256,119,129,257,257
208,209,100,106,163,165,220,223,141,145,254,256,119,129,257,257
209,210,100,106,165,169,223,223,145,153,254,254,119,119,257,257
210,211,106,106,165,169,223,223,141,153,258,258,117,119,257,257
211,212,106,106,169,169,223,226,149,153,254,254,117,129,257,257
212,213,100,100,163,163,220,223,141,145,254,256,119,119,257,257
213,214,100,106,163,163,226,226,149,153,254,254,119,129,257,257
214,215,106,106,159,163,226,226,141,153,254,254,129,129,257,257
215,216,100,108,**,**,**,**,141,145,254,254,119,119,257,257
216,217,112,112,163,165,223,223,145,149,254,258,117,119,257,257
217,218,106,112,163,165,223,226,141,149,254,254,119,129,257,260
218,219,106,112,163,169,223,226,141,149,256,258,117,119,257,257
219,220,106,106,159,169,223,226,145,153,258,258,119,119,257,257
220,221,106,106,169,169,223,223,153,153,258,258,119,127,257,257
221,222,100,106,163,165,223,226,143,145,256,258,119,119,257,257
222,223,100,106,163,169,223,226,141,141,254,254,119,129,257,257
223,224,106,112,163,163,223,223,141,153,254,256,119,129,257,257
224,225,100,100,163,169,223,226,141,153,254,256,117,119,257,257
225,226,106,106,163,169,223,223,141,141,254,254,117,117,257,257
226,227,96,96,163,167,223,226,141,141,254,254,119,119,257,257
227,228,106,108,**,**,**,**,153,153,254,254,119,119,257,257
228,229,106,106,163,169,223,226,145,149,256,256,119,129,257,257
229,230,96,106,163,163,223,223,141,141,254,258,119,119,**,**
230,231,96,112,163,165,223,223,141,149,254,258,119,129,257,257
231,232,106,106,163,169,220,223,141,153,254,254,119,119,257,257
232,233,106,112,159,169,223,223,149,153,254,256,119,119,257,257
233,234,106,106,163,165,223,223,141,141,254,254,119,129,257,260
234,235,100,106,159,169,223,226,141,143,258,258,117,127,257,257
235,236,106,112,163,165,223,223,145,149,254,254,119,129,257,257
236,237,106,112,163,169,223,226,145,149,254,254,119,119,257,257
237,238,106,106,169,169,223,226,141,153,254,258,119,119,257,257
238,239,106,108,**,**,**,**,149,153,256,258,129,129,257,257
239,240,92,106,**,**,**,**,141,153,**,**,119,119,257,257
240,241,106,112,169,169,223,226,141,145,254,258,119,127,257,257
241,242,100,100,165,169,**,**,149,153,254,256,119,129,257,257
242,243,106,112,163,169,223,223,141,149,254,256,127,129,257,257
243,244,100,110,167,169,226,226,149,153,254,256,119,119,257,257
244,245,100,106,163,169,223,223,141,141,254,254,117,119,257,257
245,246,106,106,167,169,223,223,141,149,254,258,119,129,257,257
246,247,100,112,163,163,223,226,145,149,254,254,119,119,257,257
247,248,106,106,167,169,220,226,141,149,254,254,119,119,257,257
248,249,106,112,163,169,217,223,141,141,254,258,119,129,257,257
249,250,96,106,163,169,223,226,141,149,258,258,117,117,257,257
250,251,106,112,165,165,223,223,141,145,254,256,119,119,257,257
251,252,100,100,162,162,**,**,141,141,254,256,119,119,257,257
252,253,106,106,169,169,223,223,141,145,254,254,129,129,257,257
253,254,100,100,165,169,223,223,143,149,256,256,117,119,257,257
254,255,100,112,169,169,220,226,145,149,258,258,129,129,257,257
255,256,92,100,159,169,223,226,149,153,254,256,119,119,254,257
256,257,106,106,163,163,223,223,141,141,254,256,119,119,257,257
257,258,**,**,163,169,223,223,143,149,254,256,117,119,257,257
258,259,106,112,159,167,223,223,141,149,254,258,119,129,257,257
259,260,100,106,169,169,223,226,141,149,254,258,119,129,257,257
260,261,100,106,169,169,223,223,141,149,254,254,119,129,257,257
261,262,106,106,163,169,223,223,141,145,256,258,119,129,257,257
262,263,100,106,167,169,223,223,141,141,254,254,117,119,257,257
263,264,100,106,163,163,220,220,141,141,254,258,117,119,257,257
264,265,106,112,163,169,223,226,149,153,254,254,117,119,257,257
265,266,100,106,163,163,223,226,141,149,258,258,119,129,257,257
266,267,106,112,159,163,223,223,141,145,254,258,119,119,257,257
267,268,106,106,169,169,220,223,141,141,254,258,117,129,257,257
268,269,100,112,163,163,223,223,141,143,254,254,117,119,257,257
269,270,100,106,163,169,223,226,149,153,254,254,119,127,257,257
270,271,100,106,169,169,220,223,143,149,254,258,119,119,257,257
271,272,100,108,163,169,223,223,141,153,254,258,117,119,257,257
272,273,100,106,159,169,220,223,141,149,254,258,119,119,257,257
273,274,100,106,163,163,223,226,149,153,254,256,117,129,257,257
274,275,100,106,163,169,223,226,141,153,254,258,117,129,257,257
275,276,112,112,**,**,**,**,145,149,254,254,119,129,257,257
276,278,106,106,163,169,223,223,143,149,254,254,127,129,257,257
277,279,106,106,165,169,223,223,141,153,254,258,117,119,257,257
278,280,100,112,163,167,223,223,141,141,258,258,117,129,257,257
279,281,106,108,163,165,223,223,145,153,254,254,119,119,257,257
280,282,100,106,165,169,220,223,143,153,254,254,117,119,257,257
281,283,**,**,**,**,**,**,**,**,**,**,119,119,257,257
282,284,100,106,169,169,223,226,141,149,254,256,117,119,257,257
283,285,100,106,165,169,223,226,149,149,254,254,117,119,257,260
284,286,106,106,**,**,**,**,149,153,254,258,117,119,257,257
285,287,106,106,**,**,**,**,145,149,256,258,119,129,257,257
286,288,106,112,**,**,**,**,145,149,254,258,117,117,257,257
287,289,100,100,163,163,223,223,141,143,254,254,119,119,257,257
288,290,96,100,163,167,220,226,141,153,254,256,119,129,257,257
289,291,106,112,163,163,223,226,141,149,256,258,119,119,257,257
290,292,96,106,169,169,223,223,145,149,254,258,119,129,257,257
291,293,106,106,163,165,223,226,141,149,254,254,119,119,257,257
292,294,92,106,163,163,223,226,153,153,254,256,117,119,257,257
293,295,106,106,169,169,223,223,141,149,254,258,119,129,257,257
294,296,106,106,163,165,223,226,141,143,254,258,119,119,257,257
295,297,106,112,163,165,223,226,149,149,254,258,117,129,257,257
296,298,106,112,159,163,223,223,141,153,258,258,119,119,257,257
297,299,112,112,169,169,223,226,143,145,254,254,119,129,257,257
298,300,100,106,163,163,223,226,149,149,254,258,119,129,257,257
299,301,100,106,159,165,220,226,141,149,254,258,117,119,257,257
300,302,100,112,169,169,226,226,141,149,254,254,117,119,257,260
301,303,100,112,165,169,223,223,143,149,254,258,117,129,257,257
302,304,106,106,169,169,223,223,145,149,254,258,119,119,257,257
303,305,100,106,159,163,220,223,141,141,256,258,119,119,257,257
304,306,100,108,165,169,226,226,141,149,254,258,119,129,257,257
305,307,106,106,169,169,223,223,149,153,254,256,117,119,257,257
306,308,100,100,**,**,**,**,143,143,**,**,119,129,257,257
307,309,106,106,163,163,223,226,141,141,254,258,117,117,257,257
308,310,100,106,163,169,226,226,141,153,254,258,119,129,257,257
309,311,112,112,165,169,223,223,141,145,258,258,119,129,257,257
310,312,106,106,167,167,223,226,141,149,**,**,119,119,257,257
311,313,100,100,163,163,223,226,141,141,254,258,119,129,257,257
312,314,100,112,169,169,223,223,143,143,254,258,117,119,257,257
313,315,106,106,165,165,226,226,145,153,254,254,117,129,257,257
314,316,100,112,167,167,223,226,141,153,258,258,117,129,257,260
315,317,106,106,165,169,223,226,141,149,254,256,117,119,257,257
316,318,100,100,163,169,223,223,143,143,254,258,117,129,257,257
317,319,**,**,163,165,223,223,145,153,**,**,129,129,257,257
318,320,106,112,167,169,223,223,141,153,254,256,117,119,257,257
319,321,106,106,163,163,220,223,141,145,254,258,119,129,257,257
320,322,100,100,165,169,223,226,141,143,254,254,119,119,257,257
321,323,108,108,159,169,223,223,141,143,256,256,119,129,257,257
322,324,100,106,163,169,223,223,149,149,254,258,119,129,257,257
323,325,106,112,159,163,223,226,143,145,**,**,117,117,257,257
324,326,106,106,163,169,226,226,141,149,254,256,119,119,257,257
325,327,106,112,163,163,223,223,141,149,254,260,117,119,257,257
326,328,106,112,167,169,223,223,141,141,254,256,**,**,**,**
327,329,100,112,163,169,223,226,141,145,254,258,119,129,257,257
328,330,106,112,163,163,220,223,145,149,256,258,119,119,257,257
329,331,106,106,163,169,223,226,143,153,254,258,119,129,257,257
330,332,92,112,165,169,223,223,143,145,254,258,129,129,257,257
331,333,100,112,163,163,223,223,141,145,254,260,117,117,257,257
332,334,106,106,163,169,223,226,141,143,254,256,119,119,257,257
333,335,**,**,163,169,**,**,**,**,256,260,117,129,257,257
334,336,106,106,163,163,223,223,141,153,254,256,117,119,257,257
335,337,106,112,163,165,223,223,149,149,254,254,119,119,257,257
336,338,106,106,163,169,223,226,141,149,254,258,117,119,257,257
337,339,100,106,165,169,223,223,141,149,254,258,117,119,257,257
338,340,106,112,169,169,220,226,141,141,254,254,119,129,257,257
339,341,100,112,163,163,223,223,141,149,254,258,117,127,257,257
340,342,100,100,163,169,223,226,149,153,254,258,117,119,257,257
341,343,106,106,159,163,223,226,141,149,254,258,119,119,257,257
342,344,100,106,163,169,223,226,153,153,254,258,119,129,257,257
343,345,106,106,159,163,220,223,141,141,256,258,117,119,257,260
344,346,106,106,169,169,220,223,143,149,254,258,119,129,257,257
345,347,106,106,169,169,223,226,149,153,**,**,119,119,257,257
346,348,106,106,163,163,220,223,141,149,254,256,119,119,257,257
347,349,106,112,163,169,220,226,141,149,254,256,129,129,257,257
348,350,106,112,163,163,220,220,149,153,254,254,119,129,257,257
349,351,106,106,163,163,223,226,141,143,254,256,119,129,257,257
350,352,106,106,165,169,223,223,141,153,254,258,119,119,257,257
351,353,100,106,163,163,220,223,141,149,254,254,117,129,257,257
352,354,100,112,163,167,223,223,149,153,254,258,119,119,257,257
353,355,106,106,163,163,223,226,141,141,254,254,119,119,257,257
354,356,108,112,163,167,223,223,141,153,254,256,117,117,257,257
355,357,100,106,165,169,223,223,143,149,256,258,129,129,257,257
356,358,100,112,163,169,223,223,149,149,256,258,117,119,257,257
357,359,106,106,163,169,220,223,145,149,254,256,117,117,257,257
358,360,106,106,159,169,223,226,141,145,254,258,117,117,257,257
359,361,100,112,163,165,223,226,145,149,254,256,119,119,257,260
360,362,100,106,163,169,223,226,145,149,254,254,119,129,257,257
361,363,106,106,167,169,223,223,149,149,258,258,117,117,257,257
362,364,106,106,169,169,223,226,149,149,254,256,119,129,257,257
363,365,106,106,163,169,223,223,141,149,256,258,117,129,257,257
364,366,106,112,163,165,223,226,143,149,254,254,119,119,257,257
365,367,106,106,163,169,223,226,149,153,254,258,119,129,257,257
366,368,100,106,163,163,223,223,141,149,254,258,117,119,257,257
367,369,100,106,165,165,223,226,141,141,258,258,117,119,**,**
368,371,106,108,169,169,223,223,153,153,254,258,119,119,257,257
369,372,108,112,163,163,220,223,149,149,258,258,119,119,257,257
370,373,106,112,163,169,223,223,141,149,254,256,119,119,257,257
371,374,100,106,163,165,217,223,141,149,254,256,119,119,257,257
372,375,106,112,163,169,223,226,141,141,254,258,117,119,257,257
373,376,100,106,167,169,223,223,141,141,254,254,119,119,257,257
374,377,100,100,169,169,223,226,141,149,254,256,117,119,257,257
375,378,106,106,163,169,223,226,141,153,258,258,119,129,257,257
376,379,106,112,163,163,223,223,149,153,258,258,119,129,257,257
377,380,106,106,163,169,223,223,143,145,254,258,119,119,257,257
378,381,106,108,169,169,**,**,143,153,254,254,119,119,257,257
379,382,106,106,163,165,220,223,145,153,254,254,129,129,257,257
380,383,100,106,163,169,226,226,141,145,254,258,119,119,257,257
381,384,106,112,165,169,223,223,141,149,254,256,119,119,257,257
382,385,106,112,163,163,217,223,149,149,254,254,117,119,257,257
383,387,106,112,165,169,223,226,149,149,258,258,119,119,257,257
384,388,100,112,163,165,223,223,145,153,254,256,117,129,257,257
385,389,106,112,165,169,220,223,141,141,254,254,117,129,257,257
386,391,106,106,163,163,223,223,149,149,254,258,117,119,257,257
387,392,100,100,163,169,223,226,143,145,254,258,119,129,257,257
388,393,100,106,165,169,223,226,141,153,254,254,119,127,257,257
389,394,100,100,163,163,223,223,145,153,256,258,129,129,257,257
390,395,100,112,169,169,223,226,141,143,254,258,119,129,**,**
391,396,100,100,163,169,226,226,145,149,258,258,117,119,257,257
392,397,100,106,163,165,223,223,141,141,254,254,119,119,257,257
393,400,92,106,165,169,220,223,149,149,254,254,119,119,257,257
394,401,106,106,169,169,226,226,141,149,254,256,117,129,257,257
395,402,100,106,163,169,223,226,141,149,256,258,119,119,257,257
396,403,100,108,163,165,223,226,153,153,254,256,119,129,257,257
397,404,112,112,169,169,223,223,141,143,254,256,119,119,257,257
398,405,106,112,163,163,223,223,141,153,254,256,119,129,**,**
399,406,100,106,163,169,220,226,149,153,254,258,119,129,**,**
400,407,100,106,163,163,223,226,149,153,258,258,119,129,257,257
401,408,106,106,163,169,223,223,141,149,258,258,117,129,257,257
402,409,100,112,163,165,223,226,153,153,254,258,117,119,257,257
403,410,100,106,159,163,220,223,143,149,254,258,117,117,257,257
404,411,106,112,159,169,223,223,141,141,258,258,119,119,257,257
405,412,106,106,163,169,226,226,141,145,254,256,117,129,257,257
406,413,106,106,163,165,223,223,141,153,254,258,119,119,**,**
407,414,106,106,163,169,223,223,141,149,254,256,119,119,257,257
408,415,96,106,165,169,223,226,141,145,254,258,119,119,257,257
409,416,100,106,163,169,223,223,141,153,258,258,119,129,257,257
410,417,100,100,165,169,223,226,153,153,254,258,117,119,257,257
411,418,106,106,163,169,226,226,141,149,254,258,119,129,257,257
412,419,106,106,163,169,223,223,141,143,254,258,119,119,257,257
413,420,112,112,163,163,223,223,141,149,254,258,117,119,257,257
414,421,112,112,169,169,223,226,141,149,254,256,119,119,257,257
415,422,96,106,169,169,223,223,141,141,254,254,119,119,257,257
416,423,100,106,169,169,223,226,149,153,254,258,119,129,257,257
417,426,100,106,169,169,226,226,143,149,254,256,119,119,257,257
418,427,100,106,163,169,223,226,149,149,254,258,119,119,257,257
419,430,112,112,165,169,223,223,149,153,254,254,117,129,257,260
420,434,106,112,165,169,220,226,145,153,256,258,119,129,257,257
421,436,92,106,163,169,223,226,141,149,254,258,117,119,257,257
422,437,100,100,163,163,223,226,141,153,258,258,119,119,257,257
423,438,100,100,169,169,223,223,149,149,254,256,117,117,257,257
424,439,100,106,159,169,223,226,149,153,254,258,119,119,257,257
425,440,106,112,159,163,223,223,145,149,254,256,117,119,257,260
426,442,106,106,163,163,223,223,141,141,254,254,117,119,257,257
427,443,100,106,169,169,223,226,145,145,254,258,119,119,257,257
428,445,100,106,169,169,223,223,141,149,254,258,**,**,**,**
429,447,100,100,163,169,**,**,145,153,254,254,119,119,257,257
430,448,106,112,163,169,226,226,143,153,254,254,119,119,257,257
431,449,100,100,163,169,223,226,141,153,254,256,119,119,257,257
432,450,106,106,165,165,220,226,141,149,254,254,119,119,257,257
433,451,106,108,167,169,217,223,149,153,258,258,119,129,257,257
434,452,100,106,163,163,220,226,141,149,254,258,129,129,257,257
435,453,112,112,163,163,226,226,145,149,254,254,**,**,**,**
436,454,96,106,169,169,220,220,143,145,256,258,119,133,257,257
437,455,106,106,163,165,220,223,141,153,254,258,119,119,257,257
438,456,106,106,163,163,223,223,141,153,254,256,119,119,257,257
439,457,100,106,163,163,223,223,141,149,254,254,119,119,**,**
440,458,112,112,163,163,223,223,141,149,254,256,119,119,257,257
441,459,106,112,163,169,223,223,145,149,258,258,119,129,257,260
442,460,106,106,169,169,223,223,141,141,254,254,119,129,257,257
443,461,100,106,163,169,223,226,141,149,256,258,117,129,257,257
444,462,106,106,163,169,223,226,143,149,254,254,119,129,257,257
445,463,100,106,163,169,223,223,141,141,254,258,117,119,257,257
446,464,100,106,163,165,220,223,141,153,254,254,119,119,257,257
447,467,106,106,165,165,223,223,143,149,254,256,117,127,257,257
448,468,100,100,163,169,223,223,149,149,254,256,117,119,257,257
449,469,106,106,163,169,220,223,143,149,254,254,119,129,257,257
450,470,100,106,163,167,220,223,145,153,254,256,119,129,257,257
451,471,100,106,163,169,223,223,149,153,254,254,119,129,257,257
452,472,106,106,163,165,223,226,149,153,254,254,117,129,257,257
453,473,100,106,163,165,223,226,145,149,254,254,117,119,257,257
454,474,106,112,165,165,223,226,141,149,254,254,119,129,257,257
455,475,100,112,163,169,223,223,143,149,254,256,119,119,257,257
456,476,100,100,163,165,223,223,141,145,254,256,117,129,257,257
457,477,100,112,163,165,226,226,141,145,**,**,117,129,257,257
458,478,106,108,163,169,223,223,141,145,254,254,117,129,257,257
459,479,106,106,163,165,223,223,141,149,258,258,119,119,257,257
460,480,100,100,163,169,223,223,153,153,254,258,117,117,257,257
461,481,100,100,165,169,223,223,141,149,254,256,117,119,**,**
462,482,106,108,159,165,223,223,143,145,254,254,119,129,257,257
463,483,112,112,163,169,223,223,141,145,254,258,119,119,257,257
464,484,100,112,165,169,223,223,149,153,254,258,119,119,**,**
465,485,108,108,163,165,223,223,143,153,254,254,117,129,**,**
466,486,106,112,163,169,223,223,141,141,254,258,117,119,257,257
467,487,100,112,165,169,223,226,141,149,256,256,119,119,257,257
468,488,100,100,163,169,223,223,145,149,254,258,119,129,257,257
469,489,100,106,163,169,223,223,141,143,254,256,119,129,257,257
470,490,106,106,159,167,223,226,149,153,254,258,119,119,257,257
471,491,100,106,169,169,223,226,141,145,254,258,117,119,257,257
472,492,100,106,165,169,223,226,141,145,254,258,119,119,257,257
473,493,106,106,163,165,223,226,141,149,254,254,**,**,**,**
474,494,106,106,163,169,223,223,149,149,254,258,117,129,257,257
475,495,106,106,169,169,223,226,141,149,254,258,119,127,257,257
476,496,100,112,163,165,223,226,145,153,254,258,119,119,257,257
477,497,106,106,163,165,223,223,153,153,254,258,119,119,**,**
478,499,106,112,163,169,223,223,141,153,256,258,119,119,257,257
479,500,112,112,163,169,223,226,141,149,256,258,117,119,257,257
480,501,100,112,163,165,226,226,141,145,254,254,119,119,257,257
481,502,96,106,163,169,220,226,149,149,254,258,119,129,260,260
482,503,100,106,163,169,223,223,141,149,254,258,**,**,**,**
483,504,**,**,**,**,**,**,143,151,**,**,**,**,**,**
484,505,100,112,163,169,220,223,141,149,254,256,119,119,257,257
485,506,92,106,163,165,220,223,141,149,254,254,119,119,257,257
486,507,106,106,163,165,223,226,141,153,254,258,119,119,257,257
487,508,100,112,169,169,223,223,141,149,254,256,117,127,257,257
488,509,106,106,163,163,223,226,149,153,**,**,119,129,257,257
489,510,**,**,**,**,**,**,**,**,**,**,119,129,257,257
490,511,100,112,163,169,220,226,149,149,254,254,117,129,257,257
491,512,106,106,163,165,220,226,145,149,256,258,119,119,257,257
492,513,100,106,169,169,223,226,149,153,254,254,117,129,257,260
493,514,100,106,165,169,223,223,149,149,254,254,117,119,**,**
494,515,106,106,163,169,223,223,141,149,254,258,119,129,**,**
495,516,100,106,163,169,220,220,141,149,254,258,119,129,**,**
496,517,96,112,163,169,223,223,141,149,254,254,119,129,**,**
497,518,100,112,169,169,223,226,141,141,254,258,119,129,**,**
498,519,96,106,163,163,220,223,149,153,254,256,119,119,257,257
499,520,100,112,163,169,223,226,145,149,256,256,119,119,257,257
500,521,112,112,163,169,223,226,141,149,254,258,117,129,257,257
501,522,112,112,163,163,220,223,141,141,254,258,119,129,257,257
502,523,106,112,165,169,223,226,145,153,254,254,119,119,**,**
503,524,112,112,163,165,223,226,145,149,254,256,**,**,**,**
504,525,100,106,163,165,220,223,141,141,254,254,117,129,**,**
505,526,100,112,169,169,223,226,141,143,254,258,119,119,**,**
506,527,100,106,169,169,223,223,141,149,254,256,119,119,257,257
507,528,100,112,163,163,226,226,141,143,254,254,119,119,**,**
508,529,100,100,165,169,223,226,149,149,254,258,117,119,257,257
509,530,106,106,163,169,220,223,141,149,254,256,117,119,257,257
510,531,106,106,163,163,223,223,141,149,256,256,119,129,257,257
511,532,100,112,169,169,220,220,143,149,254,254,119,129,257,257
512,533,106,106,163,169,223,226,149,153,254,258,119,119,257,257
513,534,100,112,163,169,223,223,141,149,**,**,117,119,257,257
514,535,96,106,159,169,223,223,141,149,254,258,119,119,257,257
515,536,100,106,169,169,223,226,149,149,254,254,119,129,257,257
516,537,106,112,165,169,223,223,141,145,254,258,117,129,257,257
517,538,106,112,165,169,223,223,141,149,**,**,119,119,257,257
518,539,106,106,159,163,226,226,141,141,256,258,117,119,257,257
519,540,106,106,163,163,223,223,141,145,258,258,117,119,**,**
520,541,100,106,169,169,223,226,145,153,256,256,119,129,257,257
521,542,106,112,159,163,220,223,149,149,258,258,117,119,257,257
522,543,106,106,163,165,223,226,141,149,254,254,117,119,257,257
523,544,108,112,163,165,223,226,141,153,254,256,119,119,257,257
524,545,112,112,**,**,**,**,145,149,**,**,119,129,**,**
525,546,100,106,169,169,223,226,149,153,254,258,**,**,**,**
526,547,106,106,159,169,223,223,145,153,254,254,117,119,257,260
527,548,100,106,163,163,223,226,143,153,254,256,119,129,257,257
528,549,100,106,169,169,223,223,145,153,254,254,117,119,257,257
529,550,106,106,163,163,223,226,141,143,258,258,129,129,254,257
530,551,106,106,165,169,223,226,141,141,254,258,129,129,257,257
531,552,106,106,163,169,223,223,153,153,254,258,117,129,257,257
532,553,**,**,**,**,**,**,**,**,**,**,119,129,257,257
533,554,**,**,**,**,**,**,**,**,**,**,119,129,257,257
534,555,106,106,165,169,220,223,141,153,254,258,**,**,**,**
535,556,100,106,165,169,223,223,143,153,**,**,119,129,257,257
536,557,100,106,165,169,223,223,141,141,248,254,117,129,257,257
537,558,100,106,169,169,226,226,145,149,254,258,119,129,257,257
538,559,106,106,169,169,223,223,141,149,**,**,119,129,257,257
539,560,108,112,163,165,223,226,145,145,**,**,119,119,257,257
540,561,106,106,163,169,223,226,141,145,254,258,119,119,257,257
541,562,106,106,165,169,223,226,141,149,254,258,117,119,257,257
542,563,100,106,165,169,223,223,141,149,**,**,119,119,257,257
543,564,100,106,167,169,223,223,141,149,254,258,117,129,257,257
544,565,106,106,163,169,223,223,141,153,254,254,119,129,257,257
545,566,106,112,163,165,**,**,141,145,**,**,119,129,**,**
546,567,106,112,163,165,220,226,143,149,256,256,117,119,257,257
547,568,100,100,163,165,226,226,141,153,**,**,119,119,257,257
548,569,100,106,163,167,223,226,149,149,254,258,119,129,257,257
549,570,100,112,169,169,223,226,141,141,254,254,117,117,257,257
550,571,106,112,165,169,223,223,141,153,254,254,119,129,**,**
551,572,96,106,163,165,223,226,141,149,254,258,119,119,**,**
552,573,106,106,165,169,223,223,141,143,254,254,**,**,**,**
553,574,100,100,163,169,220,223,153,153,254,256,**,**,**,**
554,575,106,112,163,165,223,226,141,153,254,258,119,129,**,**
555,576,106,112,169,169,223,226,149,149,**,**,119,121,**,**
556,577,112,112,159,169,223,223,141,149,254,254,129,129,257,257
557,578,108,112,163,165,223,226,141,141,258,258,117,119,257,257
558,579,106,108,163,163,223,226,**,**,**,**,119,127,257,257
559,580,100,100,163,169,223,223,141,145,254,258,117,119,257,257
560,581,100,106,165,165,223,223,141,149,256,258,119,129,257,257
561,582,106,106,163,169,223,226,**,**,**,**,117,119,257,257
562,583,100,100,163,169,223,223,141,145,254,254,119,129,257,257
563,584,100,106,159,169,223,223,141,143,**,**,117,119,257,257
564,585,106,106,167,169,223,223,141,149,254,254,119,129,257,257
565,586,100,106,159,163,223,223,141,145,254,254,115,127,257,257
566,587,106,106,169,169,220,220,141,149,**,**,119,119,257,257
567,588,106,112,163,169,223,223,141,149,254,254,119,119,257,257
568,589,100,100,163,163,223,223,141,149,**,**,117,119,257,257
569,590,100,112,169,169,226,226,145,153,**,**,117,119,257,257
570,591,108,112,163,167,223,223,141,141,**,**,119,119,257,257
571,592,**,**,**,**,**,**,**,**,**,**,117,129,257,260
572,593,108,108,169,169,223,226,143,149,254,256,117,117,257,257
573,594,112,112,163,169,226,226,141,149,254,258,119,129,257,257
574,595,100,100,167,169,223,223,141,141,256,258,**,**,257,257
575,596,100,106,159,169,223,226,141,143,258,258,119,129,257,257
576,597,100,112,163,165,223,226,141,149,254,254,119,119,257,257
577,598,100,100,163,165,223,223,141,149,256,258,119,129,257,257
578,599,100,100,163,169,223,226,145,145,254,258,119,119,257,257
579,600,112,112,163,167,223,226,149,153,256,258,119,129,257,257
580,601,106,112,169,169,223,226,141,149,254,254,117,129,257,257
581,602,92,100,**,**,220,220,141,149,254,254,119,119,257,257
582,603,106,112,169,169,223,223,141,141,254,254,119,129,257,257
583,604,100,100,163,165,223,226,141,149,258,258,117,129,257,257
584,605,106,106,163,163,223,226,141,143,254,258,117,119,257,257
585,606,106,106,169,169,223,226,141,153,254,258,119,119,257,257
586,607,106,112,163,163,223,223,149,153,254,254,119,119,**,**
587,608,106,108,165,169,223,226,149,153,254,258,117,119,**,**
588,609,106,112,167,169,223,226,145,149,254,256,117,119,257,257
589,610,100,108,169,169,223,223,141,145,254,258,119,119,257,257
590,611,100,100,163,169,223,223,141,141,256,256,119,119,257,257
591,612,100,108,163,163,223,226,141,141,254,258,119,119,257,257
592,613,106,112,**,**,**,**,**,**,**,**,117,129,257,257
593,614,106,106,169,169,**,**,141,141,254,254,119,129,257,257
594,615,100,112,**,**,**,**,**,**,**,**,117,129,254,257
595,616,**,**,**,**,**,**,**,**,**,**,119,129,257,257
596,617,100,112,159,159,**,**,**,**,**,**,117,129,**,**
597,618,100,106,**,**,223,223,141,143,**,**,119,119,257,257
598,619,108,108,**,**,**,**,**,**,**,**,**,**,257,257
599,620,100,106,**,**,223,223,**,**,258,258,119,129,**,**
600,621,100,100,169,169,223,223,141,149,**,**,117,129,257,257
601,622,100,106,163,163,223,223,141,145,254,256,117,117,**,**
602,623,100,106,169,169,220,223,145,145,254,254,119,119,257,257
603,624,96,106,163,167,223,226,141,143,258,258,119,129,257,257
604,625,100,112,165,169,223,223,141,153,254,258,119,129,257,257
605,626,100,108,169,169,223,226,141,149,258,258,119,119,257,257
606,627,112,112,169,169,223,223,141,149,254,256,117,129,257,257
607,628,106,112,165,169,226,226,141,149,256,258,119,119,257,257
608,629,92,108,159,163,223,226,145,153,258,258,119,129,257,257
609,630,106,108,163,169,223,226,141,143,254,254,129,129,257,257
610,631,100,112,163,169,223,226,145,149,258,258,119,127,257,257
611,632,100,100,163,169,223,226,141,141,258,258,117,119,257,257
612,633,112,112,163,165,223,223,149,153,258,258,119,129,257,260
613,634,106,106,163,167,223,226,149,153,254,258,119,119,257,257
614,635,106,112,163,169,223,223,141,153,254,254,119,129,257,257
615,636,**,**,**,**,**,**,**,**,**,**,117,119,**,**
616,637,106,112,163,163,220,223,145,149,254,256,117,119,257,257
617,638,100,106,163,163,223,223,141,149,254,256,129,129,257,257
618,639,106,106,167,169,223,226,141,145,254,258,119,129,257,257
619,640,92,100,163,169,223,226,141,141,254,256,119,119,257,257
620,641,100,112,163,163,223,226,141,153,254,254,**,**,**,**
621,642,106,112,169,169,223,226,141,149,256,258,119,129,257,257
622,643,100,112,165,169,223,223,145,153,254,254,**,**,**,**
623,644,100,112,163,165,220,226,141,153,**,**,119,129,257,257
624,645,106,106,163,167,223,223,141,153,254,256,117,119,257,257
625,646,106,106,159,163,223,223,141,149,254,256,117,119,257,257
626,647,100,112,163,169,223,223,145,149,254,254,117,119,**,**
627,648,106,106,169,169,**,**,141,141,258,258,119,119,**,**
628,649,100,106,163,169,223,223,141,141,256,256,119,127,257,257
629,650,100,100,165,169,223,223,141,149,254,256,117,129,257,257
630,651,106,112,163,169,223,226,141,145,254,258,119,129,257,257
631,652,100,100,167,169,223,223,141,153,254,256,119,119,**,**
632,Blank,**,**,**,**,**,**,**,**,**,**,**,**,**,**
633,Blank,**,**,**,**,**,**,**,**,**,**,**,**,**,**
634,Blank,**,**,**,**,**,**,**,**,**,**,**,**,**,**
635,Blank,**,**,**,**,**,**,**,**,**,**,**,**,**,**
