Number,ID,Tombstone_blues,Tombstone_blues,Ramble,Ramble,Sun_King,Sun_King
1,1,242,245,248,248,150,150
2,2,242,245,248,248,150,150
3,3,**,**,**,**,**,**
4,4,242,242,248,248,150,150
5,5,**,**,**,**,**,**
6,6,242,242,246,248,150,150
7,7,245,245,246,246,150,150
8,8,**,**,**,**,**,**
9,9,242,245,**,**,150,150
10,10,242,242,**,**,**,**
11,11,242,242,248,248,**,**
12,12,245,245,248,248,150,150
13,13,242,245,248,248,150,150
14,14,242,242,248,248,150,150
15,15,242,242,248,248,150,150
16,16,242,242,248,248,150,150
17,17,242,242,246,248,150,150
18,18,**,**,248,248,150,150
19,19,242,242,246,248,150,150
20,20,242,242,248,248,150,150
21,21,242,242,246,248,150,150
22,22,242,245,248,248,150,150
23,23,242,245,248,248,150,150
24,24,242,245,248,248,150,156
25,25,242,242,248,248,**,**
26,26,242,245,246,248,150,156
27,27,242,242,246,248,150,150
28,28,242,245,248,248,156,156
29,29,242,242,248,248,150,150
30,30,242,242,246,248,150,150
31,31,242,242,246,248,150,150
32,32,242,245,246,248,150,156
33,33,242,245,248,248,150,150
34,34,242,242,248,248,150,150
35,35,242,245,246,248,150,156
36,36,242,242,248,248,**,**
37,37,242,245,246,248,150,150
38,38,242,242,248,248,150,150
39,39,242,245,248,248,150,150
40,40,242,242,248,248,150,150
41,41,242,242,248,248,150,150
42,42,242,242,248,248,**,**
43,43,242,242,248,248,150,150
44,44,242,242,248,248,150,150
45,45,242,242,248,248,**,**
46,46,**,**,**,**,**,**
47,47,242,245,248,248,150,150
48,48,242,245,248,248,150,150
49,49,242,245,246,248,150,156
50,50,242,242,248,248,150,156
51,51,242,245,246,248,150,150
52,52,242,245,248,248,150,156
53,53,**,**,**,**,**,**
54,54,242,242,248,248,**,**
55,55,242,245,246,248,**,**
56,56,242,245,248,248,**,**
57,57,**,**,246,248,**,**
58,58,242,245,248,248,**,**
59,59,242,245,248,248,**,**
60,60,242,245,248,248,**,**
61,61,242,242,248,248,150,156
62,62,242,245,246,248,150,150
63,63,245,245,246,248,150,150
64,64,242,242,248,248,**,**
65,65,242,245,246,248,150,150
66,66,242,245,**,**,**,**
67,67,245,245,248,248,**,**
68,68,242,242,248,248,**,**
69,69,242,242,248,248,150,150
70,70,242,245,248,248,**,**
71,71,242,245,248,248,150,150
72,72,242,245,248,248,**,**
73,73,242,245,246,248,150,150
74,74,242,245,248,248,150,150
75,75,242,242,248,248,150,150
76,76,242,245,248,248,150,150
77,77,245,245,246,248,150,150
78,78,242,242,248,248,150,150
79,79,242,245,248,248,150,156
80,80,242,242,248,248,156,156
81,81,242,242,248,248,150,150
82,82,242,245,248,248,150,156
83,83,242,242,248,248,150,150
84,84,242,245,248,248,150,150
85,85,242,242,**,**,**,**
86,86,242,245,246,248,150,150
87,87,242,245,248,248,156,156
88,88,242,242,248,248,150,150
89,89,242,242,248,248,150,150
90,90,242,242,248,248,150,156
91,91,**,**,**,**,**,**
92,92,242,242,248,248,150,150
93,93,242,242,248,248,150,156
94,94,242,242,248,248,150,150
95,95,242,245,248,248,150,150
96,96,242,242,248,248,150,150
97,97,**,**,248,248,150,156
98,98,**,**,248,248,150,150
99,99,**,**,246,246,**,**
100,100,**,**,248,248,150,156
101,101,242,242,246,248,156,156
102,102,242,245,248,248,150,150
103,103,**,**,248,248,150,150
104,104,**,**,246,248,150,150
105,105,**,**,248,248,150,150
106,106,**,**,246,246,150,150
107,107,**,**,248,248,150,156
108,108,**,**,248,248,150,150
109,109,242,245,248,248,150,156
110,110,242,242,248,248,156,156
111,111,242,242,248,248,150,156
112,112,242,242,248,248,**,**
113,113,242,245,248,248,150,150
114,114,242,245,248,248,150,150
115,115,242,242,248,248,**,**
116,116,242,245,248,248,150,150
117,117,242,245,248,248,150,150
118,118,242,245,248,248,150,150
119,119,245,245,248,248,150,150
120,120,242,245,248,248,150,150
121,121,242,242,248,248,150,150
122,122,242,242,**,**,**,**
123,123,245,245,248,248,**,**
124,124,242,242,248,248,150,150
125,125,242,242,248,248,**,**
126,126,245,245,248,248,**,**
127,127,242,242,246,248,150,150
128,128,242,245,248,248,**,**
129,129,242,242,248,248,**,**
130,130,242,245,248,248,150,150
131,131,242,245,248,248,150,150
132,132,242,242,248,248,150,150
133,133,242,242,246,248,**,**
134,134,242,245,246,248,150,150
135,135,242,242,246,248,150,150
136,136,242,242,248,248,**,**
137,137,242,245,248,248,150,150
138,138,242,242,248,248,150,156
139,139,242,242,**,**,**,**
140,140,242,242,248,248,150,150
141,141,242,242,248,248,150,156
142,142,242,245,248,248,150,156
143,143,242,245,248,248,**,**
144,144,242,245,246,248,150,150
145,145,242,245,248,248,**,**
146,146,242,245,248,248,150,150
147,147,242,242,248,248,**,**
148,148,242,245,248,248,150,150
149,149,242,242,248,248,**,**
150,150,242,242,248,248,150,150
151,151,242,242,248,248,**,**
152,152,242,245,246,248,**,**
153,153,245,245,248,248,150,150
154,154,242,245,248,248,**,**
155,155,242,242,**,**,**,**
156,156,242,245,248,248,**,**
157,157,242,245,248,248,**,**
158,158,242,242,248,248,**,**
159,159,242,242,248,248,150,150
160,160,242,242,246,248,**,**
161,161,242,245,248,248,150,150
162,162,245,245,248,248,150,150
163,163,242,242,246,248,**,**
164,164,242,242,248,248,**,**
165,165,245,245,248,248,**,**
166,166,242,242,246,248,150,156
167,167,242,245,246,248,150,150
168,168,242,242,246,248,150,150
169,169,**,**,246,248,**,**
170,170,242,245,248,248,150,150
171,171,242,245,248,248,150,150
172,172,242,245,248,248,150,150
173,173,242,242,248,248,150,156
174,174,242,245,246,248,150,150
175,175,242,242,248,248,150,150
176,176,242,245,248,248,150,150
177,177,242,245,248,248,150,156
178,178,242,245,248,248,**,**
179,179,242,242,246,248,150,150
180,180,242,245,248,248,**,**
181,181,**,**,248,248,**,**
182,182,242,242,248,248,**,**
183,183,242,242,**,**,**,**
184,184,242,242,248,248,**,**
185,185,242,245,246,248,**,**
186,186,242,242,248,248,**,**
187,187,242,242,248,248,150,150
188,188,242,242,248,248,150,150
189,189,242,242,248,248,150,150
190,190,242,242,246,248,150,156
191,191,245,245,246,248,150,150
192,192,242,242,248,248,150,150
193,193,242,245,246,248,150,150
194,194,242,242,248,248,150,150
195,195,242,245,248,248,150,156
196,196,242,245,248,248,150,156
197,197,242,245,248,248,150,150
198,198,242,242,248,248,150,150
199,199,242,242,**,**,150,150
200,200,242,242,248,248,150,150
201,201,242,245,248,248,150,150
202,202,242,245,246,248,150,150
203,203,242,245,248,248,**,**
204,204,245,245,248,248,150,150
205,205,242,245,248,248,150,156
206,206,242,242,248,248,150,150
207,207,242,245,248,248,150,150
208,208,242,245,248,248,150,150
209,209,242,242,248,248,150,150
210,210,245,245,248,248,150,150
211,211,242,242,248,248,150,156
212,212,242,242,246,248,150,150
213,213,242,242,248,248,150,156
214,214,242,242,248,248,150,150
215,215,**,**,**,**,**,**
216,216,242,245,246,248,150,150
217,217,245,245,248,248,150,150
218,218,242,245,246,248,150,150
219,219,242,242,246,248,150,150
220,220,242,245,246,246,150,150
221,221,242,245,248,248,150,150
222,222,242,245,248,248,150,150
223,223,242,245,248,248,150,150
224,224,242,245,248,248,156,156
225,225,242,245,**,**,150,150
226,226,242,242,248,248,150,150
227,227,242,242,248,248,150,150
228,228,242,242,248,248,150,150
229,229,242,245,248,248,150,150
230,230,242,245,248,248,150,150
231,231,242,242,248,248,150,156
232,232,242,242,248,248,150,150
233,233,242,245,248,248,150,150
234,234,242,245,246,248,150,OL
235,235,242,242,248,248,150,156
236,236,242,242,248,248,150,150
237,237,242,242,248,248,150,150
238,238,242,242,246,248,150,150
239,239,242,245,**,**,**,**
240,240,242,245,248,248,156,156
241,241,242,242,248,248,150,150
242,242,242,242,**,**,**,**
243,243,242,242,246,248,150,156
244,244,242,245,248,248,150,150
245,245,242,242,248,248,150,150
246,246,242,242,248,248,150,150
247,247,242,242,**,**,150,150
248,248,242,242,**,**,150,150
249,249,242,242,248,248,150,150
250,250,242,245,248,248,150,150
251,251,242,242,246,248,150,150
252,252,242,245,248,248,150,150
253,253,242,245,246,248,150,150
254,254,242,245,246,248,156,156
255,255,242,242,248,248,**,**
256,256,242,245,248,248,150,156
257,257,242,245,248,248,**,**
258,258,242,245,248,248,**,**
259,259,242,245,248,248,**,**
260,260,242,242,248,248,150,150
261,261,242,242,**,**,150,150
262,262,242,242,248,248,150,150
263,263,245,245,248,248,150,150
264,264,242,242,248,248,150,150
265,265,242,245,246,248,150,150
266,266,242,242,248,248,150,156
267,267,242,242,248,248,150,150
268,268,242,242,248,248,150,156
269,269,242,242,246,248,150,150
270,270,242,245,248,248,150,150
271,271,242,242,**,**,150,150
272,272,242,242,248,248,150,150
273,273,**,**,248,248,150,150
274,274,242,242,248,248,150,156
275,275,245,245,248,248,150,150
276,276,242,245,248,248,150,156
277,277,245,245,246,248,**,**
278,278,242,242,246,248,150,156
279,279,242,245,248,248,150,150
280,280,242,242,248,248,150,150
281,281,242,245,248,248,150,150
282,282,242,245,**,**,150,156
283,283,**,**,**,**,**,**
284,284,245,245,248,248,150,150
285,285,242,245,248,248,150,156
286,286,242,245,248,248,150,150
287,287,**,**,**,**,**,**
288,288,242,242,248,248,150,150
289,289,242,245,**,**,**,**
290,290,242,242,**,**,150,150
291,291,242,245,**,**,150,156
292,292,242,245,**,**,**,**
293,293,242,242,**,**,**,**
294,294,242,245,**,**,**,**
295,295,242,245,**,**,**,**
296,296,242,242,**,**,**,**
297,297,242,242,**,**,150,156
298,298,242,242,**,**,150,150
299,299,242,242,**,**,**,**
300,300,242,242,**,**,**,**
301,301,242,245,248,248,150,150
302,302,242,242,248,248,150,156
303,303,242,242,248,248,150,150
304,304,242,245,248,248,150,156
305,305,242,242,248,248,150,150
306,306,242,242,248,248,**,**
307,307,242,242,246,248,**,**
308,308,**,**,**,**,**,**
309,309,245,245,246,248,150,150
310,310,242,245,246,248,150,150
311,311,245,245,248,248,150,150
312,312,242,242,248,248,**,**
313,313,242,245,246,248,150,150
314,314,245,245,248,248,150,150
315,315,242,242,248,248,150,150
316,316,**,**,248,248,150,150
317,317,242,242,246,248,**,**
318,318,242,242,248,248,**,**
319,319,245,245,248,248,**,**
320,320,242,245,246,248,150,150
321,321,242,245,248,248,150,150
322,322,242,242,248,248,150,150
323,323,242,242,248,248,150,150
324,324,245,245,248,248,**,**
325,325,242,245,248,248,150,156
326,326,242,242,246,248,150,150
327,327,242,242,**,**,**,**
328,328,242,245,246,248,150,150
329,329,242,242,248,248,150,150
330,330,242,242,248,248,150,150
331,331,242,242,248,248,150,150
332,332,242,242,246,248,150,156
333,333,242,242,**,**,**,**
334,334,242,242,248,248,150,150
335,335,242,242,**,**,**,**
336,336,242,242,248,248,150,150
337,337,242,245,248,248,150,150
338,338,242,245,248,248,150,150
339,339,242,245,248,248,150,150
340,340,242,242,248,248,150,150
341,341,242,242,248,248,150,156
342,342,242,245,248,248,150,150
343,343,242,245,246,248,**,**
344,344,242,245,248,248,**,**
345,345,242,245,248,248,150,150
346,346,242,245,246,248,150,150
347,347,242,242,**,**,**,**
348,348,242,245,248,248,150,156
349,349,242,245,248,248,150,156
350,350,**,**,248,248,150,150
351,351,242,242,248,248,150,150
352,352,242,242,246,248,150,150
353,353,242,242,248,248,150,150
354,354,242,242,248,248,150,150
355,355,242,242,246,248,**,**
356,356,245,245,248,248,150,150
357,357,242,245,246,248,150,150
358,358,242,245,248,248,150,150
359,359,242,242,248,248,150,150
360,360,242,242,248,248,150,150
361,361,242,245,248,248,150,156
362,362,245,245,248,248,150,150
363,363,242,245,246,248,150,156
364,364,242,245,248,248,150,150
365,365,242,242,248,248,150,150
366,366,242,245,246,248,**,**
367,367,242,242,246,248,150,156
368,368,242,245,248,248,150,150
369,369,242,242,248,248,150,150
370,371,**,**,**,**,**,**
371,372,242,245,248,248,**,**
372,373,**,**,**,**,**,**
373,374,**,**,**,**,**,**
374,375,**,**,248,248,**,**
375,376,245,245,**,**,**,**
376,377,242,242,248,248,**,**
377,378,**,**,248,248,**,**
378,379,**,**,248,248,**,**
379,380,**,**,**,**,**,**
380,381,242,242,**,**,**,**
381,382,245,245,248,248,**,**
382,383,242,242,248,248,**,**
383,384,242,242,248,248,**,**
384,385,242,242,246,248,150,150
385,387,242,242,248,248,**,**
386,388,242,245,246,248,150,150
387,389,242,245,248,248,150,150
388,391,242,242,248,248,150,150
389,392,242,242,248,248,150,150
390,393,242,245,248,248,150,150
391,394,242,245,248,248,150,150
392,395,242,242,248,248,**,**
393,396,242,242,248,248,150,150
394,397,245,245,**,**,**,**
395,400,242,242,248,248,**,**
396,401,245,245,248,248,**,**
397,402,242,245,248,248,**,**
398,403,242,242,248,248,**,**
399,404,242,242,246,248,150,150
400,405,242,242,246,248,150,150
401,406,242,242,248,248,150,156
402,407,242,245,248,248,150,150
403,408,242,242,248,248,**,**
404,409,242,242,246,248,150,150
405,410,242,242,246,248,**,**
406,411,242,242,248,248,150,156
407,412,242,242,248,248,150,150
408,413,242,242,248,248,150,150
409,414,242,245,248,248,150,150
410,415,242,242,248,248,150,150
411,416,242,242,246,246,150,150
412,417,242,242,248,248,150,150
413,418,242,245,246,248,150,150
414,419,245,245,246,248,150,150
415,420,**,**,246,248,**,**
416,421,242,242,246,246,150,150
417,422,242,245,248,248,150,150
418,423,242,242,248,248,150,150
419,426,242,242,248,248,150,150
420,427,242,242,248,248,150,150
421,430,242,245,248,248,**,**
422,434,242,245,248,248,**,**
423,436,242,242,248,248,150,156
424,437,242,245,246,248,**,**
425,438,242,245,248,248,**,**
426,439,242,242,248,248,**,**
427,440,242,245,248,248,150,150
428,442,242,242,248,248,150,150
429,443,242,242,248,248,**,**
430,445,242,242,248,248,**,**
431,447,242,242,248,248,**,**
432,448,242,245,248,248,**,**
433,449,242,245,248,248,**,**
434,450,242,245,248,248,**,**
435,451,242,242,**,**,**,**
436,452,242,242,248,248,150,150
437,453,242,245,248,248,**,**
438,454,242,245,**,**,**,**
439,455,242,242,248,248,**,**
440,456,242,242,**,**,**,**
441,457,242,242,**,**,**,**
442,458,242,242,248,248,**,**
443,459,242,242,248,248,**,**
444,460,242,245,248,248,**,**
445,461,242,242,246,246,**,**
446,462,242,242,248,248,**,**
447,463,242,242,248,248,**,**
448,464,242,242,248,248,**,**
449,467,245,245,248,248,150,150
450,468,242,242,248,248,150,150
451,469,242,242,**,**,150,150
452,470,242,242,248,248,150,150
453,471,242,245,248,248,150,156
454,472,242,242,246,248,150,150
455,473,242,242,248,248,150,150
456,474,242,245,**,**,150,150
457,475,242,242,**,**,150,150
458,476,242,245,**,**,150,150
459,477,242,245,248,248,150,150
460,478,242,245,248,248,150,150
461,479,242,242,248,248,150,150
462,480,242,242,248,248,150,150
463,481,242,242,248,248,150,150
464,482,242,245,246,248,150,150
465,483,242,242,248,248,150,150
466,484,242,242,248,248,150,150
467,485,242,245,246,248,150,150
468,486,242,245,248,248,150,150
469,487,242,242,246,246,150,150
470,488,242,242,248,248,150,150
471,489,242,242,248,248,150,150
472,490,242,242,248,248,150,150
473,491,242,242,248,248,150,150
474,492,242,242,246,248,150,150
475,493,245,245,248,248,150,150
476,494,242,242,248,248,150,156
477,495,242,242,248,248,150,150
478,496,242,245,248,248,150,150
479,497,242,242,246,248,150,150
480,498,242,245,248,248,150,150
481,499,242,242,248,248,150,150
482,500,242,245,248,248,150,150
483,501,242,242,248,248,150,150
484,502,242,245,248,248,150,150
485,503,242,245,248,248,150,OL
486,504,**,**,**,**,**,**
487,505,242,245,248,248,150,150
488,506,242,242,248,248,150,156
489,507,242,242,248,248,150,150
490,508,242,242,248,248,150,156
491,509,242,245,246,248,150,150
492,510,242,242,248,248,**,**
493,511,242,242,246,248,150,150
494,512,242,242,246,248,150,156
495,513,242,245,248,248,150,150
496,514,242,242,248,248,150,150
497,515,242,242,248,248,150,150
498,516,242,242,246,248,150,150
499,517,242,242,248,248,150,150
500,518,242,242,248,248,150,150
501,519,242,242,246,248,150,150
502,520,242,245,248,248,150,156
503,521,245,245,248,248,150,156
504,522,242,242,248,248,150,150
505,523,242,242,248,248,150,150
506,524,242,242,246,248,150,156
507,525,242,242,248,248,150,150
508,526,242,245,248,248,150,150
509,527,242,242,248,248,150,150
510,528,242,242,248,248,150,150
511,529,242,245,248,248,150,156
512,530,242,245,246,248,150,150
513,531,242,245,248,248,150,150
514,532,242,245,248,248,150,156
515,533,242,242,246,248,150,150
516,534,242,245,248,248,150,150
517,535,242,242,248,248,150,150
518,536,242,245,248,248,150,150
519,537,242,242,248,248,150,150
520,538,242,242,248,248,150,150
521,539,242,242,246,248,150,150
522,540,242,242,248,248,150,150
523,541,242,245,248,248,150,156
524,542,242,245,246,248,150,156
525,543,242,242,246,248,150,150
526,544,242,245,248,248,150,150
527,545,242,242,246,248,150,156
528,546,245,245,248,248,150,150
529,547,242,242,246,248,150,150
530,548,242,245,246,248,150,150
531,549,242,245,248,248,150,156
532,550,242,242,248,248,150,150
533,551,242,245,248,248,150,150
534,552,242,242,248,248,150,150
535,553,**,**,**,**,**,**
536,554,**,**,**,**,**,**
537,555,242,245,248,248,150,150
538,556,242,242,248,248,150,156
539,557,242,242,246,248,150,150
540,558,242,242,248,248,150,156
541,559,242,242,246,248,**,**
542,560,242,242,248,248,150,150
543,561,242,242,246,248,150,150
544,562,242,242,246,248,150,150
545,563,**,**,**,**,**,**
546,564,242,242,248,248,150,150
547,565,242,242,248,248,150,150
548,566,**,**,**,**,**,**
549,567,**,**,**,**,**,**
550,568,242,242,248,248,150,150
551,569,242,245,248,248,150,150
552,570,242,242,246,248,150,156
553,571,242,242,248,248,150,150
554,572,242,242,248,248,150,150
555,573,242,242,248,248,150,150
556,574,242,242,246,248,150,150
557,575,242,245,246,248,150,150
558,576,242,245,248,248,150,150
559,577,242,242,248,248,150,150
560,578,242,245,248,248,150,150
561,579,242,242,248,248,**,**
562,580,242,245,248,248,150,150
563,581,242,242,246,248,150,150
564,582,**,**,248,248,**,**
565,583,242,245,248,248,150,150
566,584,242,245,248,248,150,150
567,585,242,242,248,248,150,150
568,586,242,245,246,248,150,150
569,587,242,242,248,248,150,150
570,588,242,242,248,248,150,150
571,589,**,**,248,248,150,150
572,590,245,245,248,248,150,150
573,591,**,**,**,**,**,**
574,592,242,242,246,248,**,**
575,593,242,242,248,248,150,156
576,594,242,245,248,248,150,150
577,595,242,242,246,248,150,150
578,596,242,242,248,248,150,150
579,597,242,245,248,248,150,150
580,598,242,245,246,248,150,156
581,599,242,242,248,248,150,150
582,600,242,245,246,248,150,150
583,601,242,242,248,248,150,150
584,602,242,242,248,248,**,**
585,603,242,242,248,248,150,150
586,604,245,245,248,248,150,156
587,605,242,242,248,248,150,150
588,606,242,242,248,248,150,150
589,607,242,242,248,248,150,150
590,608,242,242,248,248,150,156
591,609,242,242,248,248,150,150
592,610,245,245,248,248,150,150
593,611,242,245,248,248,150,150
594,612,242,242,248,248,150,150
595,613,242,242,**,**,**,**
596,614,**,**,248,248,**,**
597,615,**,**,**,**,**,**
598,616,242,242,**,**,**,**
599,617,245,245,248,248,150,150
600,618,**,**,**,**,150,150
601,619,**,**,**,**,**,**
602,620,**,**,248,248,150,156
603,621,242,242,248,248,150,150
604,622,242,242,248,248,150,150
605,623,242,242,248,248,150,150
606,624,242,242,246,248,150,150
607,625,242,242,246,248,150,150
608,626,**,**,248,248,150,150
609,627,242,245,248,248,150,150
610,628,242,242,248,248,150,156
611,629,242,245,248,248,**,**
612,630,242,245,246,248,150,150
613,631,245,245,246,248,150,150
614,632,242,242,248,248,150,150
615,633,242,245,248,248,150,150
616,634,242,242,246,248,150,150
617,635,242,242,248,248,150,150
618,636,242,242,**,**,**,**
619,637,242,242,248,248,150,150
620,638,242,242,248,248,150,150
621,639,242,242,248,248,150,150
622,640,242,245,246,248,150,156
623,641,242,242,248,248,150,150
624,642,242,242,246,248,150,150
625,643,242,242,248,248,150,OL
626,644,242,245,248,248,150,150
627,645,242,242,248,248,150,150
628,646,242,242,248,248,150,150
629,647,242,242,246,248,150,150
630,648,242,242,**,**,**,**
631,649,242,242,246,248,150,150
632,650,242,242,246,248,150,150
633,651,242,245,248,248,150,156
634,652,245,245,248,248,150,150
635,Blank,**,**,**,**,**,**
636,Blank,**,**,**,**,**,**
637,Blank,**,**,**,**,**,**
638,Blank,**,**,**,**,**,**
639,Blank,**,**,**,**,**,**
640,Blank,**,**,**,**,**,**
641,Blank,**,**,**,**,**,**
642,Blank,**,**,**,**,**,**
643,Blank,**,**,**,**,**,**
644,Blank,**,**,**,**,**,**
645,Blank,**,**,**,**,**,**
