Number,ID,Heartland,Heartland,Siona,Siona,Percy,Percy,Julia,Julia,Trouble,Trouble
1,2,250,250,311,311,**,**,119,119,247,249
2,3,**,**,**,**,**,**,**,**,**,**
3,4,245,250,311,311,246,246,116,119,**,**
4,5,**,**,**,**,**,**,**,**,**,**
5,6,245,246,313,313,**,**,116,116,247,249
6,7,245,245,313,313,246,246,116,119,247,247
7,8,**,**,**,**,**,**,**,**,**,**
8,9,250,250,311,311,**,**,116,116,**,**
9,10,**,**,**,**,**,**,**,**,247,247
10,11,245,250,311,311,246,246,116,116,249,249
11,12,245,245,311,313,244,246,116,116,249,249
12,13,245,245,311,311,244,246,116,116,247,247
13,14,245,250,311,313,246,246,116,116,247,247
14,15,245,250,311,311,244,246,116,116,**,**
15,16,245,250,311,313,246,246,116,119,247,247
16,17,245,250,311,313,246,246,119,119,247,247
17,18,250,250,311,311,244,244,116,119,**,**
18,19,245,250,311,311,244,246,116,116,247,249
19,20,250,250,311,311,244,246,116,116,247,247
20,21,245,250,311,311,244,246,116,116,247,249
21,23,245,250,311,313,244,246,116,119,247,247
22,24,245,250,313,313,246,246,116,119,247,249
23,25,250,250,311,313,246,246,116,119,247,249
24,26,250,250,311,313,246,246,116,119,247,247
25,27,245,250,311,313,244,246,119,119,247,247
26,28,245,250,311,311,246,246,116,116,247,249
27,29,246,246,313,313,**,**,119,119,247,247
28,30,245,250,311,311,244,246,116,119,247,249
29,32,250,250,311,311,246,246,116,119,247,247
30,33,250,250,311,311,246,246,119,119,247,247
31,34,245,245,311,313,244,246,116,116,247,247
32,35,245,246,311,313,246,246,116,119,247,249
33,36,250,250,311,313,244,246,116,119,247,247
34,38,245,250,311,311,246,246,116,116,247,247
35,40,250,250,311,313,246,246,116,119,247,249
36,41,246,250,311,313,246,246,116,119,247,249
37,42,250,250,311,311,244,246,116,116,247,247
38,43,245,250,311,311,244,246,116,119,247,249
39,44,245,245,311,311,244,246,116,119,247,249
40,45,245,245,311,311,244,246,116,116,247,249
41,46,**,**,**,**,**,**,**,**,**,**
42,47,245,250,313,313,**,**,116,119,**,**
43,48,245,250,311,311,244,246,116,116,247,249
44,49,245,250,311,311,244,246,116,116,247,249
45,50,250,250,313,313,244,246,116,116,249,249
46,51,250,250,313,313,244,246,116,116,247,247
47,52,245,250,311,311,246,246,116,116,247,247
48,53,**,**,**,**,**,**,116,116,**,**
49,54,250,250,311,311,244,244,116,119,**,**
50,55,245,250,311,311,**,**,116,119,**,**
51,56,245,245,311,311,**,**,116,116,247,249
52,57,245,245,311,311,**,**,116,119,247,247
53,59,250,250,311,313,244,246,116,116,247,249
54,61,245,245,311,311,246,246,116,119,**,**
55,62,245,245,311,311,244,246,116,119,**,**
56,63,245,250,311,311,246,246,116,116,247,249
57,64,245,250,311,311,244,244,**,**,247,247
58,65,245,250,311,311,246,246,116,119,**,**
59,66,250,250,**,**,**,**,116,116,**,**
60,67,245,245,311,313,246,246,119,119,247,249
61,68,**,**,**,**,**,**,116,116,247,247
62,69,245,245,311,311,**,**,119,119,**,**
63,70,**,**,**,**,**,**,116,116,**,**
64,71,245,245,311,313,246,246,116,116,247,249
65,72,250,250,311,311,244,244,116,116,**,**
66,74,245,250,311,311,244,246,116,116,247,249
67,75,245,250,311,311,246,246,116,116,**,**
68,76,245,245,311,311,246,246,116,116,247,247
69,77,245,250,311,311,246,246,116,119,249,249
70,78,245,250,311,311,246,246,116,116,247,247
71,79,245,245,311,313,244,246,116,116,247,249
72,80,245,250,311,311,246,246,119,119,247,249
73,81,245,250,311,311,246,246,116,116,247,247
74,82,245,245,311,313,244,246,116,119,249,249
75,83,250,250,311,313,244,244,116,116,247,247
76,84,245,250,311,313,246,246,119,119,247,249
77,85,245,245,**,**,244,244,**,**,**,**
78,86,250,250,311,313,246,246,116,119,247,249
79,87,250,250,311,313,244,246,116,116,247,249
80,88,245,250,311,311,244,244,116,116,247,249
81,89,245,250,311,313,246,246,116,119,247,249
82,90,245,250,313,313,244,246,116,116,249,249
83,91,**,**,**,**,**,**,**,**,**,**
84,92,245,250,311,311,246,246,116,116,**,**
85,93,250,250,311,311,246,246,116,116,247,249
86,94,250,250,311,313,244,246,116,119,249,249
87,95,250,250,311,313,244,244,116,119,247,249
88,96,245,246,311,313,246,246,116,116,247,247
89,97,245,250,311,311,246,246,116,119,247,249
90,98,245,250,313,313,246,246,116,116,247,249
91,99,245,250,311,311,244,246,119,119,249,249
92,100,250,250,311,313,244,246,116,119,247,249
93,101,245,250,311,313,244,246,116,119,247,249
94,104,250,250,311,311,244,246,116,119,247,249
95,105,245,250,311,311,246,246,116,116,247,249
96,106,245,250,311,311,244,246,116,119,247,249
97,107,245,250,311,311,244,246,116,119,247,247
98,108,245,250,311,311,246,246,116,116,249,249
99,110,245,245,311,311,244,246,116,119,247,249
100,111,246,250,311,311,244,246,116,116,247,249
101,112,245,250,311,311,244,246,116,116,247,249
102,113,250,250,311,311,244,246,116,119,247,249
103,115,245,250,**,**,244,244,116,116,249,249
104,116,245,245,311,311,246,246,116,116,247,247
105,117,245,245,311,311,246,246,116,116,247,247
106,118,245,250,311,311,246,246,116,116,247,247
107,119,250,250,313,313,244,246,119,119,247,249
108,120,245,250,311,311,244,246,116,116,247,247
109,121,250,250,311,311,246,246,116,116,247,247
110,122,245,250,**,**,244,246,116,119,247,249
111,123,245,250,311,311,244,246,116,119,247,249
112,124,245,250,311,311,244,246,116,116,247,249
113,125,**,**,**,**,244,246,116,116,249,249
114,126,**,**,**,**,244,244,116,116,**,**
115,130,245,245,311,313,244,246,116,119,247,249
116,132,245,246,311,311,244,246,116,119,247,249
117,133,245,250,311,313,244,246,116,116,247,249
118,135,250,250,311,313,246,246,116,116,247,249
119,137,245,245,311,311,246,246,116,119,247,247
120,139,245,245,313,313,**,**,116,119,249,249
121,140,245,250,313,313,244,246,116,119,247,249
122,141,245,245,311,311,244,246,116,116,247,249
123,142,245,246,313,313,244,246,116,119,247,247
124,143,245,250,311,313,244,244,116,116,247,249
125,144,245,245,311,311,246,246,116,119,247,249
126,145,245,250,311,313,244,244,116,116,247,247
127,146,245,245,311,311,244,244,116,116,249,249
128,147,245,250,311,311,246,246,116,116,247,249
129,148,245,245,311,313,246,246,116,116,247,249
130,149,245,250,313,313,244,246,116,116,247,249
131,150,250,250,311,311,246,246,116,116,247,247
132,151,245,250,313,313,244,246,116,116,249,249
133,152,245,245,311,313,246,246,116,119,247,249
134,153,245,250,311,311,244,246,116,116,247,247
135,155,250,250,311,311,246,246,116,116,247,247
136,156,245,245,311,311,246,246,116,119,249,249
137,157,245,250,311,313,244,246,116,116,247,249
138,160,245,250,311,313,244,244,119,119,247,249
139,161,245,245,311,311,246,246,116,116,247,247
140,164,245,250,311,313,244,246,116,116,247,247
141,165,250,250,311,313,244,244,116,116,247,249
142,167,245,250,311,313,246,246,116,119,247,247
143,168,245,250,313,313,244,244,116,119,247,247
144,170,250,250,311,313,244,246,119,119,247,247
145,171,250,250,311,313,244,246,119,119,247,247
146,172,245,250,311,311,246,246,116,116,247,247
147,175,245,245,311,313,244,246,116,116,247,247
148,179,245,250,311,311,246,246,116,116,247,247
149,181,245,246,311,313,244,246,116,116,247,247
150,182,245,245,313,313,244,246,116,116,247,249
151,183,**,**,**,**,**,**,116,116,**,**
152,184,245,245,311,311,246,246,116,119,247,249
153,186,245,245,311,313,244,246,116,119,247,249
154,187,246,250,311,311,246,246,116,116,247,249
155,189,250,250,311,311,244,246,116,116,247,247
156,190,245,250,311,311,244,244,116,119,247,247
157,191,245,245,311,311,244,246,116,119,247,249
158,194,245,250,311,311,244,246,116,116,247,249
159,195,245,250,311,311,244,244,116,119,247,247
160,196,245,250,311,311,244,244,116,119,247,247
161,197,245,250,311,313,246,246,116,119,247,249
162,199,245,250,311,311,246,246,116,116,247,247
163,200,245,246,313,313,246,246,116,119,247,249
164,201,245,250,313,313,246,246,116,116,247,249
165,202,245,250,311,311,244,246,116,119,247,247
166,203,245,245,313,313,246,246,116,119,247,249
167,204,245,245,311,311,246,246,116,116,247,249
168,205,245,245,311,311,244,246,116,116,247,249
169,206,246,250,313,313,246,246,116,119,247,247
170,208,245,250,311,311,246,246,116,119,247,249
171,209,245,250,311,313,246,246,116,119,247,249
172,212,250,250,311,313,244,246,116,119,247,249
173,213,245,250,311,311,244,246,116,116,247,249
174,215,250,250,311,313,244,244,116,116,247,249
175,216,245,250,311,313,244,246,116,116,247,249
176,217,250,250,313,313,244,246,116,119,247,249
177,218,246,250,311,313,244,246,116,119,247,247
178,219,245,250,311,311,244,246,116,116,247,249
179,220,245,245,311,313,246,246,116,116,247,247
180,221,245,245,311,313,246,246,116,119,**,**
181,222,245,245,313,313,246,246,116,116,247,247
182,224,245,250,311,311,244,246,116,116,247,249
183,225,245,250,313,313,**,**,116,116,247,249
184,227,245,250,311,313,244,246,116,119,247,247
185,229,245,250,313,313,246,246,116,119,249,249
186,232,245,246,311,311,244,246,116,116,247,247
187,233,245,245,313,313,246,246,116,116,249,249
188,234,245,245,311,313,244,244,116,116,247,249
189,235,245,250,313,313,246,246,116,116,247,249
190,236,245,250,311,313,244,246,116,116,247,247
191,237,250,250,311,311,246,246,116,119,247,249
192,238,245,250,311,313,244,246,119,119,247,249
193,239,245,250,**,**,244,246,116,116,247,247
194,240,245,250,311,313,246,246,116,116,249,249
195,242,245,250,**,**,244,246,116,116,**,**
196,245,**,**,311,311,**,**,116,116,247,249
197,248,245,250,311,311,246,246,116,116,247,249
198,249,245,245,311,311,244,246,116,116,247,249
199,250,250,250,311,313,244,246,116,119,247,247
200,251,245,250,311,311,246,246,116,116,247,249
201,252,245,250,311,313,244,244,119,119,247,247
202,253,245,250,311,313,244,244,116,119,247,249
203,254,245,245,311,311,244,246,116,116,247,247
204,255,245,250,311,311,244,246,116,116,247,249
205,256,245,245,311,311,244,246,116,119,247,247
206,257,245,250,313,313,246,246,119,119,249,249
207,258,250,250,311,311,244,246,116,116,247,249
208,259,245,250,311,311,244,246,116,119,247,247
209,260,245,250,313,313,246,246,116,119,247,247
210,261,245,250,**,**,244,244,116,119,**,**
211,262,245,245,311,313,244,246,116,116,247,247
212,263,245,250,311,311,246,246,116,116,247,249
213,264,250,250,311,311,**,**,116,119,247,249
214,265,245,245,311,311,244,244,116,116,247,247
215,266,245,245,311,311,246,246,116,119,**,**
216,267,245,245,311,313,244,246,116,116,249,249
217,268,245,250,311,311,244,246,116,116,**,**
218,270,245,245,311,313,244,246,116,119,247,249
219,272,245,250,311,311,244,246,116,116,247,247
220,273,245,250,311,311,246,246,116,119,247,247
221,274,245,250,311,313,246,246,116,119,249,249
222,275,245,250,311,313,246,246,116,119,247,249
223,276,245,245,311,311,244,246,116,119,249,249
224,277,245,245,311,311,244,244,116,116,247,249
225,278,245,245,311,313,246,246,116,119,247,247
226,279,250,250,311,313,244,246,116,119,247,249
227,281,245,250,**,**,246,246,116,119,247,247
228,282,245,250,311,313,246,246,116,119,247,247
229,283,**,**,**,**,**,**,**,**,**,**
230,284,245,245,311,313,244,244,116,119,247,249
231,285,245,245,311,313,244,246,116,119,247,249
232,286,245,245,311,313,246,246,116,116,247,247
233,287,**,**,**,**,244,246,**,**,247,249
234,288,245,250,311,313,244,244,116,116,247,247
235,289,245,246,311,313,**,**,119,119,247,249
236,290,250,250,311,313,**,**,116,116,247,247
237,292,245,245,311,313,**,**,116,116,247,247
238,293,245,250,311,313,**,**,116,116,247,249
239,294,245,245,311,311,**,**,116,116,247,249
240,295,245,245,311,313,**,**,116,116,247,249
241,296,245,245,311,313,**,**,116,116,249,249
242,297,250,250,311,311,**,**,116,116,247,247
243,298,245,250,311,311,**,**,116,116,247,247
244,300,250,250,311,311,**,**,116,116,247,249
245,301,245,250,311,311,246,246,116,116,249,249
246,302,245,245,311,313,244,246,116,116,247,249
247,303,245,245,311,311,244,246,116,116,247,247
248,304,245,245,311,313,244,246,116,116,247,247
249,305,250,250,311,313,244,246,116,116,247,249
250,306,250,250,311,313,244,246,116,116,247,249
251,308,**,**,**,**,**,**,119,119,**,**
252,309,245,250,311,313,244,246,116,116,247,249
253,311,250,250,311,313,246,246,116,116,247,249
254,312,245,250,311,311,244,244,116,116,247,247
255,313,245,250,311,311,244,246,116,116,247,247
256,314,245,250,311,313,244,246,116,116,247,249
257,315,245,245,311,313,244,246,116,119,247,247
258,316,245,250,313,313,**,**,116,119,247,249
259,317,245,250,311,311,246,246,116,116,247,247
260,318,245,245,311,313,244,246,116,116,247,249
261,321,250,250,311,313,246,246,116,119,247,247
262,324,245,250,311,313,246,246,116,119,247,249
263,328,246,250,311,311,244,246,116,116,249,249
264,329,245,250,311,311,246,246,116,116,247,249
265,330,245,245,311,313,244,246,116,119,247,247
266,332,245,250,313,313,244,244,116,116,247,249
267,335,245,245,311,313,**,**,**,**,**,**
268,336,250,250,311,311,244,246,116,116,247,249
269,337,245,250,**,**,246,246,116,116,247,249
270,338,250,250,311,313,244,246,116,116,249,249
271,339,245,250,311,311,244,246,116,116,247,249
272,340,245,245,311,311,246,246,116,119,247,249
273,341,245,250,313,313,244,246,116,116,247,249
274,342,245,245,311,311,244,246,116,116,247,247
275,343,250,250,311,311,244,246,116,116,247,249
276,344,245,250,311,313,244,244,119,119,247,247
277,345,250,250,311,311,244,246,116,116,249,249
278,347,245,250,311,313,244,246,116,116,247,247
279,350,250,250,311,313,244,244,116,116,247,249
280,353,250,250,311,313,246,246,116,116,**,**
281,354,250,250,311,313,244,246,116,116,247,249
282,356,245,250,311,311,246,246,116,119,247,247
283,357,245,245,311,313,244,244,116,116,247,247
284,358,245,245,311,313,246,246,116,116,247,249
285,359,245,250,311,311,244,246,116,119,247,247
286,360,245,250,311,311,244,246,116,119,247,249
287,362,245,245,311,313,244,246,116,116,247,247
288,363,245,250,311,313,244,244,116,116,247,247
289,364,245,250,313,313,244,244,116,119,247,247
290,365,250,250,311,313,244,246,116,119,247,249
291,366,245,245,311,313,244,246,116,119,247,247
292,369,245,250,311,311,244,246,116,116,247,249
293,371,**,**,**,**,**,**,116,119,**,**
294,371,**,**,**,**,**,**,**,**,**,**
295,372,**,**,311,313,**,**,**,**,**,**
296,372,**,**,**,**,244,244,**,**,**,**
297,373,250,250,313,313,**,**,116,119,**,**
298,373,**,**,**,**,**,**,116,119,**,**
299,374,245,245,311,311,**,**,116,116,**,**
300,374,245,245,**,**,**,**,116,116,**,**
301,375,245,245,**,**,**,**,119,119,**,**
302,375,**,**,311,313,**,**,119,119,**,**
303,376,**,**,**,**,**,**,**,**,**,**
304,376,**,**,**,**,**,**,**,**,**,**
305,377,**,**,**,**,**,**,**,**,**,**
306,377,**,**,**,**,**,**,**,**,**,**
307,378,**,**,**,**,**,**,**,**,**,**
308,378,**,**,**,**,**,**,**,**,**,**
309,379,**,**,**,**,**,**,116,116,**,**
310,379,**,**,**,**,**,**,**,**,**,**
311,380,**,**,**,**,**,**,119,119,**,**
312,380,**,**,**,**,**,**,**,**,**,**
313,381,**,**,**,**,**,**,**,**,**,**
314,381,**,**,**,**,**,**,**,**,**,**
315,382,**,**,**,**,**,**,116,116,247,249
316,383,**,**,**,**,**,**,**,**,**,**
317,383,**,**,**,**,**,**,**,**,**,**
318,384,**,**,**,**,**,**,116,116,**,**
319,384,**,**,**,**,**,**,116,116,**,**
320,385,245,250,311,313,**,**,116,116,**,**
321,385,245,250,311,313,244,244,116,116,**,**
322,386,245,246,311,313,**,**,116,116,**,**
323,386,245,246,311,313,**,**,116,116,**,**
324,387,245,250,311,311,**,**,116,116,**,**
325,387,245,250,311,311,244,246,116,116,**,**
326,388,245,245,311,311,**,**,116,119,247,247
327,388,245,245,311,311,244,246,116,119,247,249
328,389,245,250,311,313,**,**,116,119,249,249
329,390,245,245,311,311,**,**,116,116,247,249
330,390,245,245,311,311,244,244,116,116,247,249
331,391,245,250,311,313,**,**,116,119,247,247
332,391,245,250,311,313,244,246,**,**,247,247
333,392,245,250,311,311,**,**,116,116,247,247
334,392,245,250,311,311,244,244,116,116,247,247
335,393,250,250,311,313,246,246,116,119,249,249
336,393,250,250,311,313,**,**,116,119,249,249
337,394,245,245,311,311,**,**,**,**,**,**
338,394,**,**,**,**,**,**,**,**,**,**
339,395,**,**,311,313,**,**,**,**,**,**
340,395,**,**,311,313,**,**,**,**,**,**
341,396,250,250,311,311,**,**,116,116,247,247
342,396,250,250,311,311,244,246,116,116,247,247
343,397,245,250,311,313,**,**,116,119,**,**
344,397,245,250,311,313,244,246,116,119,**,**
345,398,245,245,311,313,**,**,116,116,**,**
346,398,245,245,311,313,**,**,**,**,**,**
347,399,245,250,311,313,**,**,116,119,247,247
348,399,245,250,311,313,244,246,116,119,247,247
349,400,250,250,311,311,246,246,116,116,247,249
350,400,250,250,311,311,**,**,116,116,247,249
351,401,**,**,**,**,**,**,**,**,**,**
352,401,**,**,**,**,244,246,**,**,**,**
353,402,250,250,311,313,**,**,116,116,247,247
354,402,250,250,311,313,244,246,116,116,247,247
355,403,245,250,313,313,**,**,116,116,247,249
356,403,245,250,313,313,244,244,116,116,247,249
357,404,**,**,**,**,244,244,**,**,**,**
358,404,**,**,**,**,244,244,**,**,**,**
359,405,245,250,311,313,**,**,116,116,249,249
360,405,245,250,311,313,244,246,116,116,249,249
361,406,245,245,311,311,246,246,116,116,**,**
362,406,245,245,311,311,**,**,116,116,249,249
363,407,**,**,**,**,**,**,**,**,**,**
364,407,**,**,**,**,**,**,**,**,**,**
365,408,**,**,**,**,**,**,**,**,**,**
366,408,**,**,**,**,**,**,**,**,**,**
367,409,**,**,**,**,**,**,**,**,**,**
368,409,**,**,**,**,244,246,**,**,**,**
369,410,250,250,311,311,**,**,116,116,**,**
370,410,250,250,311,311,244,244,116,116,**,**
371,411,245,250,313,313,246,246,116,119,**,**
372,411,245,250,313,313,**,**,116,119,247,247
373,412,245,245,311,311,**,**,116,116,249,249
374,412,245,245,**,**,246,246,116,116,249,249
375,413,245,245,311,311,**,**,116,116,247,249
376,413,245,245,311,311,244,246,116,116,247,249
377,414,245,245,311,313,**,**,**,**,**,**
378,414,245,245,311,313,**,**,116,116,247,247
379,415,245,250,311,311,**,**,116,116,247,247
380,415,245,250,311,311,246,246,116,116,247,247
381,416,**,**,**,**,**,**,**,**,**,**
382,416,**,**,**,**,246,246,**,**,**,**
383,417,245,250,311,311,**,**,116,116,249,249
384,417,245,250,311,311,246,246,116,116,249,249
385,418,**,**,**,**,**,**,**,**,**,**
386,418,**,**,**,**,**,**,**,**,**,**
387,419,**,**,**,**,244,244,116,116,**,**
388,420,**,**,**,**,**,**,**,**,**,**
389,420,**,**,**,**,**,**,**,**,**,**
390,421,245,250,311,311,**,**,116,119,249,249
391,422,245,245,311,311,**,**,116,119,247,247
392,422,245,245,311,311,246,246,**,**,247,247
393,423,245,250,311,311,246,246,**,**,247,249
394,423,245,250,311,311,**,**,116,119,247,249
395,424,245,245,311,311,**,**,116,116,247,249
396,424,245,245,311,311,246,246,116,116,247,249
397,425,245,250,313,313,**,**,116,119,247,249
398,426,245,250,311,313,**,**,116,116,249,249
399,426,245,250,311,313,244,246,116,116,249,249
400,427,245,245,311,313,244,246,116,116,**,**
401,427,245,245,311,313,**,**,**,**,247,249
402,428,245,245,311,313,**,**,116,116,247,249
403,428,245,245,311,313,**,**,116,116,247,249
404,429,**,**,**,**,**,**,116,119,247,249
405,429,**,**,**,**,244,246,116,119,247,249
406,430,**,**,**,**,**,**,**,**,**,**
407,430,**,**,**,**,**,**,**,**,**,**
408,431,245,250,311,313,244,246,116,116,247,249
409,431,245,250,311,313,**,**,116,116,247,249
410,432,245,250,311,313,**,**,116,116,247,249
411,432,245,250,311,313,**,**,116,116,247,249
412,433,250,250,311,313,**,**,116,116,247,247
413,433,250,250,311,313,244,246,116,116,247,247
414,434,245,250,311,313,**,**,116,119,247,249
415,434,245,250,311,313,244,246,116,119,247,249
416,435,245,245,**,**,**,**,116,119,**,**
417,436,250,250,**,**,244,244,116,116,247,247
418,436,250,250,**,**,**,**,116,116,247,247
419,437,245,245,**,**,246,246,116,116,**,**
420,437,245,245,**,**,244,246,116,116,**,**
421,438,250,250,311,313,244,246,116,119,**,**
422,438,250,250,311,313,**,**,116,119,247,247
423,439,250,250,**,**,**,**,116,116,**,**
424,439,250,250,**,**,246,246,116,116,247,247
425,440,**,**,**,**,**,**,116,116,**,**
426,440,**,**,**,**,244,244,**,**,**,**
427,441,**,**,**,**,**,**,**,**,**,**
428,441,245,245,311,311,**,**,116,119,247,249
429,442,**,**,**,**,**,**,**,**,**,**
430,442,**,**,**,**,**,**,**,**,**,**
431,443,245,245,**,**,**,**,116,116,**,**
432,443,245,245,**,**,**,**,**,**,**,**
433,444,**,**,**,**,**,**,**,**,**,**
434,444,**,**,**,**,244,246,**,**,**,**
435,445,250,250,311,313,**,**,116,116,**,**
436,445,250,250,311,313,246,246,116,116,**,**
437,446,245,245,311,313,**,**,116,116,247,247
438,446,245,245,311,313,246,246,116,116,247,247
439,447,245,250,**,**,**,**,116,116,**,**
440,447,**,**,**,**,**,**,116,119,**,**
441,448,245,245,311,311,**,**,116,116,247,249
442,448,245,245,311,311,244,246,116,116,247,249
443,449,250,250,**,**,**,**,116,119,**,**
444,449,250,250,**,**,244,246,**,**,**,**
445,450,245,245,311,313,**,**,116,119,**,**
446,450,245,245,311,313,246,246,116,119,**,**
447,451,**,**,**,**,**,**,**,**,**,**
448,451,**,**,**,**,**,**,**,**,**,**
449,452,245,250,311,313,244,244,116,116,**,**
450,452,245,250,311,313,**,**,116,116,247,249
451,453,250,250,311,311,244,246,116,119,**,**
452,453,250,250,311,311,**,**,116,119,247,249
453,454,**,**,**,**,**,**,116,116,**,**
454,454,**,**,**,**,**,**,116,116,249,249
455,455,250,250,311,311,**,**,116,116,**,**
456,455,250,250,**,**,**,**,116,116,**,**
457,456,**,**,**,**,**,**,**,**,**,**
458,456,**,**,**,**,**,**,**,**,**,**
459,457,245,250,**,**,**,**,**,**,**,**
460,457,**,**,**,**,**,**,**,**,**,**
461,458,**,**,**,**,**,**,**,**,**,**
462,458,**,**,**,**,**,**,116,116,**,**
463,459,**,**,**,**,**,**,**,**,**,**
464,459,**,**,**,**,**,**,**,**,**,**
465,460,**,**,**,**,**,**,**,**,**,**
466,460,**,**,**,**,**,**,**,**,**,**
467,461,245,250,311,313,**,**,**,**,**,**
468,461,245,250,311,313,244,246,**,**,**,**
469,462,245,250,311,313,**,**,**,**,**,**
470,462,245,250,**,**,244,246,**,**,**,**
471,463,**,**,**,**,244,246,116,116,**,**
472,463,**,**,**,**,**,**,**,**,**,**
473,464,**,**,**,**,**,**,**,**,**,**
474,464,**,**,**,**,**,**,**,**,**,**
475,465,**,**,**,**,**,**,**,**,**,**
476,465,**,**,**,**,244,244,**,**,**,**
477,468,245,250,311,311,244,246,116,119,247,247
478,470,245,246,311,313,244,244,116,116,247,247
479,471,245,245,311,311,244,246,116,116,247,249
480,473,245,245,311,313,244,246,116,116,247,249
481,474,245,245,311,313,246,246,116,116,247,249
482,476,245,250,313,313,246,246,116,116,249,249
483,477,245,250,311,313,246,246,116,116,247,249
484,478,245,245,311,313,244,246,116,116,247,247
485,479,245,245,311,313,244,244,116,116,247,249
486,480,246,250,311,311,246,246,116,119,247,247
487,481,250,250,311,311,244,246,116,116,247,247
488,482,245,250,313,313,246,246,116,119,247,247
489,484,250,250,313,313,244,246,116,116,249,249
490,486,245,250,311,313,244,246,116,119,247,247
491,490,245,250,311,311,244,246,116,119,247,249
492,491,250,250,311,311,246,246,116,116,247,249
493,492,245,250,311,313,246,246,116,116,247,249
494,493,245,245,311,313,244,244,116,116,247,249
495,495,246,250,311,313,244,244,116,116,247,247
496,496,245,245,311,313,246,246,116,119,247,249
497,499,245,245,311,311,244,246,116,119,247,249
498,500,245,246,311,311,246,246,116,116,247,247
499,501,250,250,311,311,244,244,116,119,247,247
500,502,245,245,311,313,244,244,116,116,247,249
501,503,245,245,311,313,244,246,116,116,249,249
502,504,**,**,**,**,**,**,**,**,**,**
503,505,245,250,311,311,246,246,116,119,247,247
504,506,250,250,311,311,246,246,116,116,247,249
505,507,245,250,311,311,246,246,116,116,247,247
506,511,245,245,311,311,244,246,116,116,247,247
507,514,250,250,311,311,244,246,116,119,247,249
508,516,245,250,311,311,246,246,116,116,247,247
509,518,245,250,311,313,246,246,116,116,247,247
510,520,245,246,311,313,244,244,116,119,247,247
511,521,245,245,311,313,246,246,116,116,247,247
512,524,250,250,311,313,246,246,116,116,247,249
513,526,245,250,311,311,246,246,116,119,247,249
514,527,245,250,311,311,244,246,116,119,247,247
515,528,245,250,311,311,244,244,116,119,247,249
516,529,245,245,311,311,246,246,116,119,247,249
517,530,245,245,311,313,244,246,116,116,247,249
518,532,245,245,311,313,244,246,119,119,247,247
519,535,245,245,311,313,246,246,116,119,247,249
520,536,246,250,311,313,246,246,116,116,247,247
521,537,245,245,311,311,246,246,116,119,247,247
522,538,245,250,311,311,244,246,116,116,247,247
523,539,245,250,311,311,244,246,116,116,247,247
524,540,245,245,311,313,244,246,116,119,247,249
525,542,250,250,311,311,246,246,116,116,249,249
526,543,250,250,311,313,244,246,116,116,247,249
527,545,245,245,311,313,244,244,116,116,247,247
528,548,245,245,311,313,244,246,116,119,247,249
529,550,245,245,311,313,244,246,116,119,247,247
530,552,245,250,311,313,244,246,116,116,247,247
531,553,**,**,**,**,**,**,**,**,**,**
532,554,**,**,**,**,**,**,116,116,**,**
533,555,245,246,311,311,246,246,116,116,247,249
534,556,245,250,311,311,244,244,116,119,247,249
535,557,245,245,311,313,244,244,116,116,247,247
536,559,245,245,**,**,244,244,116,119,247,249
537,560,250,250,311,313,244,246,116,116,247,249
538,562,245,245,311,313,244,246,116,116,247,247
539,563,250,250,313,313,**,**,116,116,**,**
540,564,245,245,311,311,**,**,116,116,**,**
541,565,245,250,311,311,**,**,116,116,**,**
542,566,245,245,311,311,**,**,116,119,**,**
543,567,245,250,311,311,**,**,116,119,**,**
544,568,245,245,313,313,**,**,116,119,**,**
545,569,250,250,311,311,**,**,116,119,**,**
546,570,245,250,311,311,**,**,116,116,**,**
547,571,250,250,311,311,**,**,116,119,**,**
548,572,246,250,311,311,**,**,116,116,**,**
549,573,245,250,311,311,**,**,116,119,**,**
550,574,245,245,311,311,**,**,116,116,**,**
551,575,245,245,313,313,**,**,116,119,**,**
552,576,245,250,311,311,**,**,116,116,**,**
553,577,245,245,313,313,**,**,116,119,**,**
554,578,245,250,313,313,**,**,116,116,**,**
555,579,245,250,311,313,**,**,116,116,**,**
556,580,245,246,313,313,**,**,116,119,**,**
557,581,250,250,311,311,**,**,116,116,**,**
558,582,245,250,**,**,**,**,116,119,**,**
559,583,250,250,311,311,**,**,116,116,**,**
560,584,245,250,313,313,**,**,116,119,**,**
561,585,245,245,311,313,**,**,116,116,**,**
562,586,250,250,311,311,**,**,116,116,**,**
563,587,245,250,311,313,**,**,116,116,**,**
564,588,245,250,311,313,**,**,116,116,**,**
565,589,245,246,311,311,**,**,116,116,**,**
566,590,245,245,311,313,**,**,116,119,**,**
567,591,250,250,**,**,**,**,116,116,**,**
568,592,245,250,311,311,**,**,116,119,**,**
569,593,245,245,311,311,**,**,116,116,**,**
570,594,245,250,311,311,**,**,116,116,**,**
571,595,245,250,311,311,**,**,116,116,**,**
572,596,245,250,313,313,**,**,116,116,**,**
573,597,250,250,311,311,**,**,116,116,**,**
574,598,245,250,311,311,**,**,116,119,**,**
575,599,245,250,311,311,**,**,116,116,**,**
576,600,245,250,311,313,**,**,116,119,**,**
577,601,245,250,311,313,**,**,116,119,**,**
578,602,246,250,311,311,**,**,116,119,**,**
579,603,245,250,311,313,**,**,116,119,**,**
580,604,250,250,311,311,**,**,116,119,**,**
581,605,250,250,311,313,**,**,116,119,**,**
582,606,245,245,311,311,**,**,116,119,**,**
583,607,245,245,311,313,**,**,116,119,**,**
584,608,245,250,311,313,**,**,116,116,**,**
585,609,245,250,311,313,**,**,116,119,**,**
586,610,245,250,311,311,**,**,116,116,**,**
587,611,245,250,311,313,**,**,116,119,**,**
588,612,245,245,311,313,**,**,116,116,**,**
589,613,245,245,311,311,**,**,**,**,**,**
590,614,**,**,311,311,**,**,**,**,**,**
591,615,**,**,313,313,**,**,**,**,**,**
592,616,**,**,311,311,**,**,**,**,**,**
593,617,**,**,311,311,**,**,**,**,**,**
594,618,245,250,**,**,**,**,116,116,**,**
595,619,**,**,**,**,**,**,116,116,**,**
596,620,250,250,311,313,**,**,116,116,**,**
597,621,245,245,311,313,**,**,116,116,**,**
598,622,245,250,313,313,**,**,116,116,**,**
599,623,245,250,311,311,**,**,116,116,**,**
600,624,245,250,311,313,**,**,116,119,**,**
601,625,245,250,311,311,**,**,116,116,**,**
602,626,245,250,311,311,**,**,116,119,**,**
603,627,245,245,311,311,**,**,116,119,**,**
604,628,250,250,311,313,**,**,116,119,**,**
605,629,245,250,311,313,**,**,116,116,**,**
606,630,245,250,313,313,**,**,116,116,**,**
607,631,245,250,311,311,**,**,116,119,**,**
608,632,245,245,311,313,**,**,116,119,**,**
609,633,250,250,311,311,**,**,116,119,**,**
610,634,245,245,311,313,**,**,116,116,**,**
611,635,245,250,311,313,**,**,116,119,**,**
612,636,**,**,311,311,**,**,**,**,**,**
613,637,250,250,311,313,**,**,116,116,**,**
614,638,245,250,311,313,**,**,116,116,**,**
615,639,245,250,311,313,**,**,116,116,**,**
616,640,245,245,311,313,**,**,116,116,**,**
617,641,250,250,311,311,**,**,116,116,**,**
618,642,245,250,311,311,**,**,116,119,**,**
619,643,245,250,311,311,**,**,116,116,**,**
620,644,245,245,311,313,**,**,116,116,**,**
621,645,245,245,311,311,**,**,116,116,**,**
622,646,250,250,311,313,**,**,116,116,**,**
623,647,245,250,313,313,**,**,116,116,**,**
624,648,**,**,**,**,**,**,116,116,**,**
625,649,250,250,311,313,**,**,116,116,**,**
626,650,245,250,313,313,**,**,116,116,**,**
627,651,245,250,313,313,**,**,116,116,**,**
628,652,245,245,311,311,**,**,116,116,**,**
629,Blank,**,**,**,**,**,**,**,**,**,**
630,Blank,**,**,**,**,**,**,**,**,**,**
631,Blank,**,**,**,**,**,**,**,**,**,**
632,Blank,**,**,**,**,**,**,**,**,**,**
633,Blank,**,**,**,**,**,**,**,**,**,**
634,Blank,**,**,**,**,**,**,116,116,**,**
635,Blank,**,**,**,**,**,**,**,**,**,**
636,Blank,**,**,**,**,**,**,**,**,**,**
637,Blank,**,**,**,**,**,**,**,**,**,**
638,Blank,**,**,**,**,**,**,**,**,**,**
639,Blank,**,**,**,**,**,**,**,**,**,**
640,Blank,**,**,**,**,**,**,**,**,**,**
641,Blank,**,**,**,**,**,**,**,**,**,**
642,Blank,**,**,**,**,**,**,**,**,**,**
643,Blank,**,**,**,**,**,**,**,**,**,**
644,169,245,250,311,313,246,246,116,119,247,249
645,319,245,250,311,313,244,246,116,116,247,249
646,31,245,245,311,311,246,246,116,116,247,249
647,494,245,245,311,313,246,246,116,116,247,249
648,173,245,250,311,313,244,246,116,116,247,249
649,333,250,250,**,**,244,246,**,**,247,249
650,154,245,250,311,313,246,246,116,116,247,249
651,176,245,250,311,313,246,246,116,116,249,249
652,346,245,250,311,313,246,246,116,119,249,249
653,326,245,245,313,313,244,246,116,116,249,249
654,158,**,**,313,313,244,246,116,119,249,249
655,159,245,250,311,313,246,246,116,116,247,249
656,351,245,245,311,311,244,246,116,116,249,249
657,180,245,250,311,311,244,244,119,119,249,249
658,60,246,250,311,311,244,246,116,119,249,249
659,352,250,250,311,311,246,246,116,116,247,249
660,131,245,246,311,311,244,246,116,116,249,249
661,174,250,250,311,313,244,246,116,119,249,249
662,22,250,250,311,311,244,246,116,119,249,249
663,488,245,250,311,311,244,244,116,116,249,249
664,166,245,250,311,311,244,246,116,116,247,249
665,531,250,250,311,311,244,246,116,119,249,249
666,103,245,250,311,313,244,246,116,116,247,249
667,533,245,245,311,311,244,246,116,116,247,249
668,534,245,245,311,311,246,246,116,119,249,249
669,361,245,250,311,311,244,246,116,116,249,249
670,192,245,250,311,313,246,246,116,119,249,249
671,193,245,250,311,313,246,246,116,119,249,249
672,109,245,245,311,311,244,244,116,116,249,249
673,280,245,250,311,311,244,244,116,119,249,249
674,323,245,250,311,313,244,246,116,116,247,249
675,367,245,246,311,313,246,246,116,119,249,249
676,368,245,245,311,311,244,246,116,116,247,249
677,178,245,250,**,**,244,246,116,116,247,249
678,138,250,250,311,313,244,246,116,116,247,249
679,544,245,250,311,313,246,246,116,119,247,249
680,425,245,250,313,313,246,246,116,119,247,249
681,546,245,245,311,311,246,246,116,116,247,249
682,547,245,250,311,311,244,246,116,116,249,249
683,331,245,245,313,313,246,246,116,116,247,249
684,549,245,250,311,313,244,246,116,116,247,249
685,291,245,245,311,313,**,**,116,116,249,249
686,508,245,245,311,313,244,246,119,119,249,249
687,207,245,250,311,311,244,246,116,119,249,249
688,467,245,250,311,313,246,246,116,119,249,249
689,421,245,250,311,311,244,246,**,**,249,249
690,469,245,245,313,313,244,246,116,119,249,249
691,210,245,250,311,311,244,246,116,116,249,249
692,127,245,245,311,311,244,244,116,116,249,249
693,299,245,250,311,311,**,**,116,119,247,249
694,472,245,250,311,313,244,246,116,119,249,249
695,214,250,250,311,311,244,246,116,116,249,249
696,475,245,245,311,311,244,246,116,116,249,249
697,37,245,250,**,**,246,246,116,116,249,249
698,561,245,245,311,311,246,246,116,119,247,249
699,198,250,250,311,313,244,246,116,116,247,249
700,134,245,245,311,313,244,246,116,116,249,249
701,114,245,250,311,311,244,246,119,119,249,249
702,136,245,250,313,313,246,246,116,119,249,249
703,307,245,245,311,313,244,246,116,116,247,249
704,223,245,250,311,311,244,246,116,116,247,249
705,382,**,**,**,**,244,246,116,116,247,249
706,483,245,245,313,313,244,246,116,119,249,249
707,226,245,250,311,313,244,246,116,119,247,249
708,485,245,245,311,311,246,246,116,116,247,249
709,487,250,250,313,313,246,246,116,116,247,249
710,228,245,245,311,311,244,246,116,116,249,249
711,558,245,250,311,311,244,246,116,119,247,249
712,489,250,250,311,311,244,246,116,116,249,249
713,230,245,250,311,311,246,246,116,116,249,249
714,231,245,250,311,311,244,244,116,116,249,249
715,73,246,250,311,311,244,246,116,116,249,249
716,512,245,250,311,311,246,246,116,116,247,249
717,389,245,250,311,313,244,246,116,119,249,249
718,320,245,250,311,311,246,246,116,119,249,249
719,435,245,245,**,**,246,246,116,119,249,249
720,322,250,250,313,313,244,246,116,119,249,249
721,497,245,245,311,313,246,246,119,119,249,249
722,498,245,250,311,311,244,244,116,119,249,249
723,325,245,250,311,313,246,246,116,116,249,249
724,541,245,245,311,311,246,246,116,116,247,249
725,241,250,250,311,311,244,246,116,116,247,249
726,327,245,250,311,313,246,246,116,119,247,249
727,243,245,250,311,311,**,**,116,119,249,249
728,244,245,250,311,311,246,246,116,116,249,249
729,247,245,250,311,313,244,246,116,116,247,249
730,246,250,250,311,311,244,246,116,119,247,249
731,162,245,250,311,311,244,246,116,119,247,249
732,163,245,250,311,313,246,246,116,116,249,249
733,334,245,245,311,313,244,244,116,119,249,249
734,551,245,250,311,313,244,244,116,116,247,249
735,509,245,250,311,311,244,246,116,116,249,249
736,128,250,250,311,313,244,246,116,116,247,249
737,510,245,245,311,313,244,246,116,119,249,249
738,39,250,250,311,313,246,246,116,119,247,249
739,211,245,250,313,313,244,246,116,119,249,249
740,513,245,250,311,313,244,246,116,116,249,249
741,1,245,250,311,311,244,246,116,119,249,249
742,515,245,250,311,311,244,246,116,116,249,249
743,129,245,250,311,311,244,246,116,119,249,249
744,517,250,250,311,311,244,246,116,116,249,249
745,58,245,250,313,313,244,246,116,119,247,249
746,519,245,250,311,311,246,246,116,116,249,249
747,177,245,250,313,313,244,246,116,116,249,249
748,348,245,250,311,311,244,246,116,116,249,249
749,349,245,250,311,313,244,244,119,119,249,249
750,523,245,250,311,313,244,246,116,116,249,249
751,522,245,245,311,313,244,246,116,116,247,249
752,525,250,250,313,313,244,246,116,116,247,249
753,310,245,245,311,311,246,246,116,116,247,249
754,269,245,250,311,313,244,246,116,116,247,249
755,185,245,250,311,311,246,246,116,119,247,249
756,355,245,250,311,313,244,246,116,119,247,249
757,102,245,250,311,313,246,246,119,119,247,249
758,271,245,245,311,313,244,246,116,119,249,249
759,188,245,245,311,313,246,246,116,119,249,249
