Number,ID,Coyote,Coyote,Nettie Moore,Nettie Moore,Blue Jay,Blue Jay,Neil Young,Neil Young,Imagine,Imagine,Harvest,Harvest,Kitty Pryde,Kitty Pryde,Workingman Blues,Workingman Blues
1,1,163,163,260,260,93,104,**,**,109,109,154,157,167,167,254,257
2,2,163,165,261,261,93,104,151,151,109,116,154,157,167,171,254,256
3,3,**,**,**,**,**,**,**,**,**,**,**,**,167,169,256,256
4,4,165,165,**,**,93,104,148,151,109,109,151,154,167,167,256,257
5,5,**,**,**,**,**,**,**,**,**,**,**,**,167,169,256,256
6,6,**,**,**,**,**,**,**,**,**,**,**,**,167,169,254,254
7,7,163,163,**,**,**,**,151,151,**,**,**,**,167,167,254,257
8,8,**,**,**,**,**,**,**,**,**,**,**,**,167,167,**,**
9,9,163,163,264,264,93,104,**,**,109,109,151,154,167,169,256,256
10,10,163,163,261,261,104,104,**,**,**,**,151,151,167,167,254,256
11,11,163,165,260,270,93,93,148,148,109,109,154,154,167,167,256,257
12,12,163,163,261,264,104,104,148,151,109,109,151,154,167,171,254,257
13,13,163,163,261,270,93,104,145,151,109,116,151,154,167,167,256,257
14,14,163,163,258,270,104,104,148,148,109,109,151,157,167,167,256,257
15,15,163,165,261,270,104,104,148,151,109,109,154,154,167,167,256,257
16,16,163,165,261,270,93,104,145,148,109,109,154,154,167,167,256,256
17,17,163,163,260,264,104,104,148,151,109,109,154,157,167,169,256,256
18,18,163,163,**,**,101,104,151,151,109,109,151,154,167,167,254,256
19,19,163,163,260,264,104,104,151,151,109,109,154,154,167,167,256,256
20,20,163,163,261,264,104,104,148,148,109,109,151,154,167,169,256,257
21,21,163,165,260,261,101,104,148,151,109,116,154,154,167,167,257,257
22,22,163,163,260,261,104,104,148,151,109,109,151,157,167,169,256,256
23,23,163,163,260,264,101,104,148,151,109,109,151,154,167,169,256,256
24,24,163,165,264,270,93,104,151,151,109,109,151,151,167,167,256,257
25,25,163,165,260,264,104,104,151,151,109,109,151,154,167,167,256,256
26,26,163,165,261,261,93,104,148,151,109,109,151,157,167,169,254,257
27,27,163,165,260,261,93,104,145,151,109,109,154,154,167,169,256,257
28,28,163,165,260,261,104,104,148,151,109,109,154,157,167,169,**,**
29,29,163,163,258,264,101,104,148,148,109,109,151,154,167,167,**,**
30,30,163,163,270,270,101,104,148,148,109,109,151,154,167,169,256,257
31,31,163,165,264,270,104,104,148,151,109,109,154,154,167,169,256,257
32,32,163,165,258,261,93,104,148,151,109,109,151,157,167,167,256,256
33,33,163,165,261,270,93,104,145,151,109,109,154,154,167,169,256,257
34,34,163,165,258,264,104,104,145,148,109,109,154,154,167,167,256,256
35,35,163,165,264,270,104,104,148,151,109,109,151,151,169,169,254,256
36,36,163,163,260,264,93,104,151,151,109,109,151,154,167,167,254,254
37,37,163,163,261,264,93,104,151,151,109,116,154,154,167,169,257,257
38,38,163,165,258,264,104,104,148,148,109,109,154,157,167,169,257,257
39,39,163,163,260,264,104,104,145,148,109,109,154,154,167,169,257,257
40,40,163,163,261,264,93,104,148,148,109,109,154,157,167,169,256,256
41,41,163,163,261,264,104,104,145,148,109,109,151,154,167,167,256,256
42,42,163,163,270,270,104,104,148,151,109,109,154,154,167,171,254,256
43,43,163,163,260,264,93,104,148,151,109,109,151,151,**,**,257,257
44,44,165,165,258,264,93,104,151,151,109,109,154,154,167,167,254,256
45,45,163,163,261,264,104,104,148,148,109,109,154,154,167,167,256,256
46,46,**,**,**,**,101,104,148,151,109,109,151,154,167,167,254,257
47,47,163,163,260,270,101,104,151,151,109,109,151,154,167,167,257,257
48,48,163,165,264,264,93,104,148,151,109,109,154,157,167,169,**,**
49,49,163,163,260,264,104,104,151,151,109,109,154,154,169,169,254,256
50,50,163,163,261,264,101,104,148,151,109,109,154,154,167,167,254,256
51,51,163,165,264,270,104,104,145,151,109,116,151,157,169,169,256,257
52,52,163,165,260,264,104,104,148,151,109,109,151,154,167,169,256,256
53,53,163,163,**,**,104,104,151,151,109,109,151,151,167,169,256,256
54,54,163,165,264,264,93,104,148,148,109,109,154,157,167,169,256,256
55,55,163,165,258,264,104,104,148,151,109,109,151,154,167,167,256,257
56,56,163,163,261,264,93,104,151,151,109,109,151,154,167,167,254,257
57,57,163,163,264,264,93,104,145,151,109,109,151,157,**,**,**,**
58,58,163,163,258,264,104,104,151,151,109,109,151,154,169,169,254,256
59,59,163,165,264,264,93,104,148,151,109,109,154,154,167,167,254,256
60,60,163,165,**,**,104,104,151,151,109,109,151,151,167,167,256,257
61,61,163,165,**,**,93,104,151,151,109,109,151,154,167,167,257,257
62,62,163,165,**,**,104,104,151,151,109,109,151,154,167,169,254,256
63,63,163,165,264,270,104,104,145,148,109,109,151,157,**,**,**,**
64,64,163,163,261,270,101,104,145,148,109,109,151,154,167,169,254,256
65,65,163,163,**,**,93,101,151,151,109,109,154,157,167,167,256,257
66,66,163,165,260,264,104,104,148,151,109,109,151,154,167,169,254,256
67,67,163,163,261,261,104,104,145,151,109,109,151,154,167,167,256,256
68,68,163,165,**,**,104,104,151,151,109,109,154,154,167,167,256,256
69,69,163,165,264,264,93,104,148,151,109,109,151,151,167,167,254,257
70,70,163,163,261,261,93,104,145,148,109,109,154,154,167,167,256,256
71,71,163,163,261,264,93,104,148,151,109,109,154,154,167,167,256,257
72,72,163,163,261,261,101,104,145,151,109,109,151,154,167,169,256,257
73,73,163,163,261,261,104,104,148,148,109,109,151,154,167,167,256,256
74,74,163,163,260,260,101,104,148,151,109,109,151,154,167,169,256,256
75,75,163,165,260,270,93,104,148,151,109,109,154,154,167,169,256,256
76,76,163,163,260,264,104,104,148,148,109,109,151,154,167,167,256,256
77,77,163,163,260,261,93,104,151,151,109,109,154,157,167,169,256,256
78,78,163,163,258,260,104,104,148,151,109,116,154,157,167,167,256,256
79,79,163,163,258,270,93,104,148,148,109,109,151,154,167,167,254,256
80,80,165,165,264,264,93,93,148,151,109,109,151,154,167,169,254,256
81,81,163,163,258,264,104,104,145,148,109,109,151,154,169,169,256,256
82,82,165,165,258,270,93,104,148,151,109,109,151,154,167,167,257,257
83,83,163,163,264,270,104,104,148,151,109,109,154,157,167,167,254,256
84,84,163,163,261,270,104,104,148,151,109,109,151,154,167,167,256,256
85,85,163,163,**,**,104,104,151,151,109,109,154,154,167,167,256,257
86,86,163,163,261,264,104,104,148,151,109,109,154,154,167,169,257,257
87,87,163,165,261,270,93,104,148,151,109,109,151,151,167,169,256,256
88,88,163,163,264,264,93,104,145,148,109,109,154,154,167,169,256,256
89,89,163,163,261,264,104,104,148,148,109,109,151,154,167,169,254,256
90,90,163,163,261,264,104,104,145,151,109,109,154,157,167,169,254,257
91,91,**,**,**,**,**,**,**,**,**,**,**,**,167,167,256,256
92,92,163,163,258,264,104,104,148,151,109,109,154,154,167,167,254,257
93,93,163,165,260,270,104,104,151,151,109,109,157,157,167,167,256,256
94,94,163,165,270,270,101,104,148,151,109,109,151,154,167,167,256,256
95,95,163,163,261,264,104,104,148,148,109,109,151,157,167,167,254,257
96,96,163,163,260,261,104,104,148,148,109,109,154,154,167,167,257,257
97,97,**,**,**,**,93,104,148,151,109,109,151,154,167,167,256,256
98,98,**,**,**,**,104,104,148,151,109,109,154,154,169,169,256,256
99,99,**,**,**,**,93,104,145,148,109,109,151,154,167,167,256,256
100,100,**,**,**,**,104,104,145,145,109,109,151,154,167,171,254,257
101,101,163,163,261,264,93,104,148,151,109,116,157,157,167,169,254,256
102,102,163,163,**,**,104,104,148,151,109,109,151,154,167,169,257,257
103,103,**,**,**,**,104,104,148,151,109,109,151,154,167,167,256,256
104,104,**,**,**,**,93,104,145,151,109,109,154,154,167,169,256,256
105,105,**,**,**,**,93,104,148,151,109,109,151,154,167,167,254,257
106,106,**,**,**,**,93,104,148,148,109,109,151,154,167,169,256,256
107,107,**,**,**,**,93,104,148,148,109,109,154,154,167,167,256,257
108,108,**,**,**,**,93,104,148,148,109,109,154,157,167,169,256,256
109,109,163,165,261,270,101,104,151,151,109,109,154,157,167,167,256,256
110,110,163,165,261,264,104,104,148,151,109,109,151,154,167,169,254,256
111,111,163,163,264,270,93,104,151,151,109,109,151,154,167,167,254,254
112,112,163,165,264,270,101,104,145,151,109,109,151,154,167,167,254,256
113,113,163,163,264,270,104,104,145,151,109,109,154,157,167,167,256,256
114,114,163,163,260,264,101,104,148,151,109,109,151,157,167,169,256,256
115,115,**,**,260,264,104,104,148,151,109,109,154,157,167,169,256,257
116,116,163,165,260,264,93,104,151,151,109,109,151,154,167,169,254,256
117,117,163,165,260,264,93,104,148,148,109,109,151,157,167,167,254,257
118,118,163,163,264,264,104,104,148,151,109,109,151,154,167,167,254,256
119,119,163,163,264,270,101,104,148,151,109,109,151,154,167,167,254,256
120,120,163,165,264,270,104,104,148,148,109,109,151,154,167,169,256,256
121,121,163,163,264,264,104,104,148,148,109,109,154,157,167,167,256,257
122,122,163,165,261,264,104,104,148,151,109,109,154,154,167,167,256,257
123,123,163,163,261,264,93,104,148,151,109,109,151,154,167,169,256,257
124,124,163,163,261,270,104,104,151,151,109,109,154,154,167,167,254,257
125,125,163,163,260,264,93,104,151,151,109,109,151,157,167,169,257,257
126,126,163,163,264,264,93,104,145,145,109,109,151,157,167,167,256,257
127,127,163,163,261,264,93,93,148,151,109,109,154,157,167,167,256,256
128,128,163,165,260,260,**,**,**,**,109,109,151,151,167,169,254,257
129,129,163,163,261,264,104,104,151,151,109,109,151,151,167,167,257,257
130,130,163,165,264,270,104,104,151,151,109,109,154,157,167,167,254,256
131,131,163,163,264,270,104,104,151,151,109,109,151,157,167,167,256,256
132,132,163,165,261,261,93,104,148,148,109,109,154,154,167,167,254,256
133,133,165,165,258,261,104,104,148,148,109,116,151,154,167,167,256,257
134,134,163,165,260,261,104,104,148,151,109,109,154,157,167,167,254,257
135,135,165,165,260,270,104,104,148,148,109,116,154,154,167,167,256,257
136,136,163,165,264,270,93,104,148,151,109,109,157,157,167,167,254,256
137,137,163,163,260,264,101,104,148,151,109,109,154,157,167,169,257,257
138,138,163,163,258,264,93,104,151,151,109,109,151,151,167,169,257,257
139,139,**,**,258,258,104,104,148,148,109,109,151,154,167,167,254,256
140,140,163,163,261,264,93,101,148,151,109,109,151,151,167,167,256,256
141,141,163,165,264,270,104,104,145,151,109,109,151,157,167,169,256,257
142,142,163,165,258,264,104,104,148,148,109,109,151,151,167,169,254,254
143,143,163,165,260,261,101,104,151,151,109,109,151,154,167,167,256,256
144,144,163,163,261,264,93,104,148,151,109,109,151,154,167,169,256,257
145,145,163,165,264,264,93,104,151,151,109,109,154,154,167,167,254,257
146,146,163,163,261,261,93,101,148,151,109,109,154,154,167,167,256,257
147,147,163,163,264,264,104,104,148,151,109,109,151,154,167,169,256,256
148,148,163,165,258,264,104,104,148,151,109,109,151,154,169,169,254,257
149,149,163,163,261,261,93,104,151,151,109,109,151,154,167,169,257,257
150,150,163,163,264,264,93,104,148,151,109,109,154,154,167,167,256,256
151,151,**,**,270,270,101,104,148,151,109,109,151,151,167,167,256,256
152,152,163,163,264,264,104,104,148,151,109,109,151,154,169,169,254,256
153,153,163,163,264,270,104,104,148,148,109,109,151,154,**,**,257,257
154,154,163,165,264,270,104,104,148,148,109,109,154,157,167,167,256,256
155,155,163,165,264,270,104,104,151,151,109,109,154,157,167,171,256,257
156,156,163,163,264,264,93,104,148,151,109,109,151,154,167,167,256,257
157,157,163,165,264,264,104,104,145,151,109,109,151,154,167,167,256,256
158,158,163,165,260,261,104,104,151,151,109,109,151,154,167,167,256,257
159,159,163,163,264,270,104,104,145,151,109,109,154,154,167,167,256,256
160,160,163,165,261,264,104,104,151,151,109,109,151,151,167,167,254,256
161,161,163,163,264,264,104,104,148,148,109,109,151,154,167,169,254,256
162,162,163,163,261,270,93,104,148,148,109,109,157,157,167,169,257,257
163,163,163,165,264,270,104,104,148,151,109,109,151,154,167,167,254,257
164,164,163,165,270,270,104,104,148,148,109,109,154,154,169,169,256,257
165,165,163,165,261,270,93,104,151,151,109,109,154,154,167,167,256,256
166,166,163,163,261,264,104,104,148,151,109,109,151,154,167,167,256,256
167,167,163,163,261,264,104,104,151,151,109,109,154,154,167,167,254,257
168,168,163,165,264,270,104,104,148,148,109,109,151,154,167,167,256,256
169,169,**,**,**,**,104,104,148,151,109,109,151,154,167,167,254,257
170,170,163,163,270,270,104,104,148,148,109,109,154,157,167,169,256,256
171,171,163,165,260,270,93,104,148,151,109,109,151,157,167,167,257,257
172,172,163,165,264,264,104,104,151,151,109,109,151,154,167,171,256,256
173,173,163,165,264,270,93,93,148,151,109,109,151,154,169,169,256,256
174,174,163,163,260,264,104,104,151,151,109,109,154,157,167,169,256,257
175,175,163,163,264,270,104,104,151,151,109,109,151,157,167,167,256,257
176,176,165,165,264,270,104,104,148,148,109,109,151,154,167,167,254,257
177,177,163,165,264,270,104,104,148,148,109,109,151,154,169,169,254,256
178,178,163,163,261,264,104,104,151,151,109,109,154,154,167,169,254,254
179,179,163,163,258,270,104,104,151,151,109,109,151,154,167,169,256,257
180,180,163,163,261,270,104,104,148,151,109,109,154,157,167,169,254,256
181,181,**,**,**,**,93,104,148,151,109,109,151,154,167,169,254,256
182,182,163,163,260,264,93,104,148,148,109,109,151,154,167,167,256,256
183,183,165,165,**,**,104,104,151,151,109,109,151,154,167,167,256,256
184,184,165,165,264,264,104,104,151,151,109,109,151,157,167,169,256,257
185,185,163,163,264,270,93,104,151,151,109,109,154,154,167,169,257,257
186,186,163,165,260,261,104,104,145,148,109,109,154,154,167,169,256,257
187,187,163,165,261,264,104,104,148,151,109,109,151,154,167,171,257,257
188,188,163,163,264,270,93,104,148,151,109,109,151,154,167,169,254,254
189,189,163,163,258,264,104,104,145,148,109,109,151,154,167,169,256,256
190,190,163,163,261,264,104,104,148,148,109,109,151,154,167,167,256,257
191,191,163,163,264,264,101,104,151,151,109,109,151,154,167,167,256,256
192,192,163,163,260,260,104,104,148,148,109,109,154,154,167,167,254,256
193,193,163,163,261,270,104,104,**,**,109,109,151,151,167,167,254,257
194,194,163,163,260,260,104,104,148,151,109,109,151,151,169,169,256,257
195,195,163,163,261,261,**,**,145,148,109,109,154,157,167,167,257,257
196,197,163,163,258,270,93,104,145,151,109,109,154,157,167,167,254,257
197,198,163,165,258,261,104,104,151,151,109,109,151,151,167,169,254,256
198,199,163,163,264,264,93,104,**,**,109,109,154,157,167,169,256,256
199,200,163,163,260,261,**,**,**,**,109,109,154,154,167,167,257,257
200,201,163,165,264,264,**,**,148,148,109,109,151,154,167,169,256,257
201,202,163,163,261,264,101,104,**,**,109,109,154,154,167,169,**,**
202,203,163,163,261,270,104,104,**,**,109,109,154,154,**,**,**,**
203,204,163,163,261,261,104,104,145,148,109,109,151,151,167,167,256,257
204,205,163,163,264,264,104,104,148,151,109,109,154,157,167,167,254,256
205,206,163,163,264,270,104,104,148,151,109,109,154,154,167,167,257,257
206,207,163,163,260,261,104,104,148,151,109,109,154,157,167,167,257,257
207,208,163,163,261,264,104,104,148,151,109,109,151,157,167,169,254,256
208,209,163,165,261,264,93,104,148,151,109,116,157,157,167,169,254,256
209,210,163,163,264,270,93,104,148,148,109,109,151,157,167,169,254,257
210,211,163,163,258,264,101,104,151,151,109,109,154,154,167,169,256,257
211,212,163,163,264,270,104,104,148,148,109,109,151,154,167,169,256,257
212,213,163,163,260,264,104,104,145,151,109,109,151,151,167,167,256,256
213,214,163,163,261,270,104,104,148,148,109,109,151,157,167,169,254,257
214,215,163,165,261,270,104,104,148,151,109,109,151,151,167,171,256,257
215,216,163,163,260,264,104,104,151,151,109,109,151,154,167,169,257,257
216,217,163,165,261,264,93,93,145,148,109,109,151,154,167,167,256,256
217,218,163,165,261,264,104,104,148,151,109,109,151,154,167,167,256,256
218,219,163,163,260,261,93,93,145,145,109,109,151,157,167,167,257,257
219,220,163,163,261,264,104,104,148,148,109,109,154,154,167,169,256,256
220,221,165,165,**,**,104,104,148,151,109,116,151,151,169,169,254,256
221,222,163,163,260,264,104,104,148,148,109,109,154,154,167,169,256,256
222,223,163,163,264,264,104,104,148,151,109,109,154,154,167,167,256,256
223,224,163,165,264,270,104,104,148,148,109,109,151,154,167,167,256,256
224,225,163,165,260,264,104,104,145,151,109,109,151,157,167,167,254,257
225,226,163,163,264,264,104,104,151,151,109,109,151,151,167,167,256,256
226,227,163,163,261,264,104,104,148,151,109,109,154,154,167,169,256,257
227,228,163,163,261,261,104,104,148,148,109,109,151,151,167,169,257,257
228,229,163,165,261,264,93,104,148,148,109,109,151,154,169,169,254,256
229,230,163,165,258,264,104,104,145,151,109,109,151,154,167,167,257,257
230,231,163,163,261,264,104,104,148,148,109,109,154,154,**,**,**,**
231,232,163,165,264,264,104,104,148,148,109,109,151,157,167,167,254,256
232,233,163,163,260,261,104,104,148,151,109,109,154,157,167,169,256,256
233,234,163,165,264,264,93,93,148,148,109,109,154,157,167,167,256,257
234,235,163,163,261,270,104,104,148,151,109,109,151,154,167,169,254,256
235,236,163,163,264,264,93,104,145,151,109,109,151,154,167,169,256,257
236,237,163,165,258,264,93,104,148,151,109,109,154,154,167,169,256,256
237,238,163,163,258,264,93,93,148,151,109,109,151,154,167,167,256,256
238,239,163,165,264,264,93,101,145,151,109,109,154,157,167,167,256,256
239,240,163,165,258,264,104,104,145,148,109,109,151,151,167,167,256,256
240,241,163,163,261,264,104,104,148,151,109,109,151,154,167,167,**,**
241,242,**,**,**,**,104,104,148,151,109,116,151,154,167,167,256,257
242,243,163,165,258,264,93,104,148,151,109,109,151,154,167,167,**,**
243,244,163,163,261,270,104,104,151,151,109,109,154,157,169,169,256,257
244,245,163,163,264,264,93,104,148,151,109,109,154,157,167,167,256,257
245,246,163,165,260,264,104,104,151,151,109,109,154,154,167,167,256,256
246,247,163,163,261,264,93,104,145,148,109,109,151,154,167,169,256,257
247,248,163,163,264,270,93,104,148,148,109,116,151,157,167,167,254,256
248,249,163,165,264,264,101,104,145,148,109,109,151,157,167,167,256,257
249,250,163,163,260,264,104,104,148,151,109,109,154,157,167,167,256,256
250,251,163,163,260,264,104,104,145,151,109,109,151,157,167,169,256,257
251,252,163,163,264,270,104,104,145,151,109,109,151,154,167,169,257,257
252,253,163,163,261,261,104,104,151,151,109,109,151,151,167,169,257,257
253,254,163,165,264,264,104,104,151,151,109,109,157,157,167,169,254,257
254,255,163,163,264,264,93,104,148,148,109,109,154,157,167,171,256,256
255,256,163,163,258,264,104,104,148,151,109,109,154,157,167,169,256,256
256,257,163,165,260,270,104,104,151,151,109,109,151,154,167,167,256,256
257,258,163,165,260,264,101,104,148,148,109,109,151,154,169,171,257,257
258,259,163,163,264,264,93,101,148,151,109,109,151,154,167,169,256,256
259,260,163,163,270,270,104,104,145,151,**,**,**,**,167,167,256,256
260,261,163,165,258,270,104,104,148,148,109,109,151,154,**,**,256,256
261,262,163,165,264,264,93,104,148,151,109,109,154,154,167,169,257,257
262,263,163,163,260,270,93,101,148,148,109,109,151,154,167,169,256,257
263,264,163,163,**,**,104,104,151,151,109,109,151,154,167,167,257,257
264,265,163,163,260,264,104,104,151,151,109,109,151,154,167,169,256,256
265,266,163,165,258,261,93,104,145,145,109,109,154,154,167,169,254,256
266,267,163,165,264,270,93,104,148,151,109,109,154,154,167,169,254,257
267,268,163,163,261,264,104,104,148,148,109,109,151,154,167,167,257,257
268,269,163,163,261,264,93,104,148,151,109,109,151,154,167,167,256,257
269,270,163,165,261,264,93,104,151,151,109,109,151,154,167,169,254,256
270,271,163,163,264,270,104,104,148,148,109,109,151,157,167,169,254,256
271,272,163,163,260,261,104,104,151,151,109,109,154,154,167,169,254,257
272,273,163,165,264,264,93,104,151,151,109,109,154,154,167,169,254,256
273,274,163,163,261,264,93,93,148,148,109,109,154,154,167,169,256,257
274,275,163,163,261,264,93,104,148,148,109,109,151,154,167,167,256,257
275,276,163,165,264,264,104,104,148,148,109,109,154,154,167,169,254,256
276,277,163,163,260,264,**,**,**,**,109,109,151,154,167,167,256,256
277,278,163,163,261,264,104,104,148,151,109,109,151,154,167,167,256,256
278,279,163,163,264,270,104,104,145,148,109,109,151,154,167,167,256,256
279,280,163,163,261,264,104,104,148,148,109,109,151,157,167,169,256,256
280,281,163,165,261,264,93,93,148,151,109,109,154,154,167,169,256,257
281,282,**,**,261,264,104,104,151,151,109,109,151,154,167,167,256,257
282,283,**,**,**,**,101,101,**,**,**,**,**,**,167,167,256,257
283,284,163,165,260,264,93,104,148,151,109,109,151,157,167,167,256,256
284,285,163,165,264,264,104,104,148,151,109,109,154,157,167,167,**,**
285,286,163,163,258,261,93,104,151,151,109,109,151,157,167,169,256,256
286,287,163,165,264,270,104,104,148,151,109,109,154,154,167,169,254,256
287,288,163,165,260,264,93,104,148,151,109,109,154,157,167,167,256,256
288,289,**,**,**,**,104,104,148,148,109,109,151,151,167,167,256,257
289,290,**,**,**,**,104,104,145,151,109,109,154,154,167,167,254,256
290,291,163,163,261,270,104,104,148,148,109,109,154,157,**,**,254,256
291,292,163,163,264,270,101,101,148,148,109,116,154,157,167,169,256,257
292,293,163,165,264,270,104,104,148,148,109,109,151,157,167,167,256,256
293,294,163,165,270,270,104,104,148,148,109,109,151,151,167,167,256,257
294,295,163,163,261,264,101,104,148,151,109,109,154,154,167,167,256,257
295,296,163,163,264,270,93,104,148,151,109,109,151,157,167,167,254,256
296,297,**,**,**,**,93,101,148,151,109,109,154,154,167,169,256,257
297,298,**,**,**,**,104,104,145,151,109,109,154,154,167,169,254,256
298,299,**,**,**,**,93,104,151,151,109,109,151,151,167,171,254,257
299,300,**,**,**,**,104,104,148,151,109,109,151,154,**,**,**,**
300,301,**,**,**,**,104,104,151,151,109,109,151,157,**,**,**,**
301,302,163,165,264,264,104,104,145,148,109,109,151,157,167,169,**,**
302,303,163,163,264,264,104,104,151,151,109,109,154,154,167,167,256,256
303,304,163,163,261,264,104,104,148,148,109,109,151,154,**,**,256,256
304,305,163,163,260,264,104,104,148,148,109,109,151,154,169,169,254,254
305,306,165,165,**,**,104,104,148,151,109,116,151,154,167,167,254,254
306,307,163,163,264,270,104,104,148,151,109,116,154,157,167,167,257,257
307,308,**,**,**,**,104,104,145,148,109,109,151,151,167,167,256,256
308,309,**,**,**,**,104,104,148,151,109,109,151,154,167,169,257,257
309,310,163,165,264,264,104,104,148,148,109,109,154,154,167,167,254,256
310,311,**,**,**,**,93,93,151,151,109,109,151,154,167,167,256,256
311,312,**,**,**,**,104,104,148,151,109,109,154,154,167,167,256,256
312,313,163,165,260,270,104,104,145,151,109,109,154,157,**,**,**,**
313,314,163,165,260,261,104,104,151,151,109,109,151,154,167,167,256,257
314,315,163,163,261,261,104,104,148,148,109,109,154,154,167,167,256,256
315,316,163,165,261,264,104,104,151,151,109,109,154,157,167,167,257,257
316,317,163,165,264,264,104,104,151,151,109,109,151,154,167,167,256,256
317,318,163,163,264,264,104,104,148,148,109,109,151,154,167,169,254,256
318,319,163,165,258,270,93,104,151,151,109,109,154,154,167,167,256,257
319,320,163,165,261,270,104,104,151,151,109,109,157,157,169,169,256,256
320,321,163,163,261,264,93,104,148,151,109,109,151,154,167,167,256,256
321,322,163,163,258,264,104,104,148,151,109,109,151,154,167,167,256,256
322,323,163,163,264,264,93,104,145,151,109,109,151,154,167,167,254,257
323,324,163,163,**,**,93,104,151,151,109,116,151,151,167,169,**,**
324,325,163,163,264,264,104,104,148,151,109,109,154,157,167,167,254,256
325,326,163,163,261,264,101,104,148,151,109,109,151,154,167,169,256,256
326,327,163,163,264,264,104,104,148,151,109,109,154,154,167,169,254,257
327,328,163,163,264,264,104,104,148,148,109,109,154,157,**,**,**,**
328,329,163,163,260,261,**,**,**,**,109,109,151,154,169,171,256,257
329,330,163,165,264,264,104,104,148,151,109,109,154,154,167,167,256,256
330,331,163,163,264,264,93,104,151,151,109,109,151,151,167,167,256,256
331,332,163,163,258,270,93,104,145,148,109,109,154,154,**,**,**,**
332,333,163,165,**,**,93,104,148,148,109,109,151,151,167,169,256,256
333,334,163,165,264,270,104,104,148,151,109,109,151,154,169,169,**,**
334,335,163,163,264,264,104,104,151,151,**,**,154,154,167,167,254,257
335,336,163,163,260,261,101,104,148,148,109,109,151,151,**,**,**,**
336,337,163,163,260,264,93,104,148,151,109,109,151,154,167,169,254,256
337,338,163,163,264,264,104,104,148,148,109,109,151,151,167,167,256,256
338,339,163,165,261,264,104,104,148,151,109,109,154,157,167,167,254,254
339,340,163,165,264,270,104,104,148,151,109,109,151,154,167,167,257,257
340,341,163,165,264,264,104,104,145,151,109,109,151,151,167,167,257,257
341,342,163,163,264,270,104,104,148,151,109,109,154,154,167,169,256,257
342,343,163,165,264,264,104,104,148,151,109,116,154,154,167,167,254,256
343,344,163,163,261,264,93,104,148,148,109,109,151,151,167,167,256,257
344,345,163,165,261,261,104,104,148,148,109,109,154,154,167,169,**,**
345,346,163,165,258,264,93,104,148,148,109,109,151,154,167,167,256,256
346,347,163,163,261,264,101,104,148,151,109,109,**,**,167,167,254,257
347,348,163,165,**,**,93,104,148,151,109,109,151,154,167,169,256,256
348,349,163,165,264,270,104,104,148,151,109,116,154,154,167,169,256,257
349,350,163,165,264,264,104,104,151,151,109,109,151,151,167,169,254,256
350,351,163,163,264,270,104,104,148,151,109,109,154,157,**,**,256,256
351,352,163,165,264,270,104,104,145,148,109,109,154,154,167,167,254,256
352,353,165,165,264,264,104,104,151,151,109,109,154,154,167,169,256,257
353,354,163,165,260,264,104,104,148,151,109,109,154,154,167,169,254,256
354,355,163,165,261,264,93,104,145,151,109,109,154,154,169,169,256,256
355,356,163,163,260,270,104,104,148,148,109,109,151,154,167,167,256,257
356,357,163,165,264,264,93,101,148,148,109,109,151,154,167,167,256,256
357,358,165,165,261,270,101,104,148,151,109,116,151,151,169,169,256,257
358,359,163,163,260,270,101,104,145,151,109,109,154,154,167,169,256,257
359,360,163,165,260,261,93,104,148,151,109,109,154,157,167,167,254,256
360,361,163,163,260,261,101,104,148,148,109,109,151,154,167,171,256,256
361,362,163,165,264,264,104,104,148,148,109,109,151,157,167,167,256,257
362,363,163,163,261,261,93,104,145,148,109,109,151,151,167,167,256,256
363,364,163,163,260,264,93,104,145,148,109,109,151,154,167,167,256,256
364,365,163,163,264,264,104,104,148,148,109,109,151,154,167,167,256,257
365,366,163,163,270,270,104,104,148,151,109,116,151,154,167,167,256,256
366,367,163,163,261,270,101,104,148,151,109,109,154,154,167,167,254,257
367,368,163,165,264,264,93,104,148,151,109,109,151,154,169,169,254,254
368,369,163,165,264,270,104,104,148,151,109,109,154,154,167,169,256,256
369,371,**,**,**,**,104,104,148,148,109,109,151,154,167,169,257,257
370,372,163,163,260,260,101,104,148,151,109,109,**,**,167,167,254,256
371,373,163,163,**,**,93,104,**,**,109,109,151,151,167,167,254,256
372,374,163,163,**,**,104,104,148,151,109,109,154,154,167,167,254,256
373,375,**,**,**,**,93,104,148,148,109,109,**,**,167,167,254,257
374,376,163,163,260,264,101,104,148,148,109,109,151,154,167,167,254,256
375,377,163,163,**,**,93,104,148,151,109,109,151,154,167,169,256,257
376,378,165,165,261,264,104,104,148,148,109,109,151,157,167,167,256,257
377,379,163,163,264,264,104,104,145,151,109,109,151,154,167,167,257,257
378,380,163,163,264,264,101,104,148,151,109,109,151,151,167,169,256,257
379,381,163,165,264,264,101,104,145,145,109,109,151,157,169,169,254,257
380,382,163,165,258,258,93,104,151,151,109,109,151,154,167,169,256,257
381,383,**,**,**,**,104,104,**,**,109,109,151,151,167,169,256,256
382,384,163,163,261,270,93,104,148,151,109,109,154,157,169,169,254,256
383,385,163,165,264,270,93,104,145,151,109,109,154,154,167,169,256,256
384,387,163,163,261,264,104,104,145,151,109,109,154,154,167,167,256,257
385,388,163,165,264,264,104,104,148,148,109,116,151,151,167,169,256,257
386,389,163,163,260,264,104,104,148,151,109,109,151,154,167,167,254,256
387,391,163,163,270,270,93,104,151,151,109,109,151,154,167,167,256,257
388,392,165,165,261,270,104,104,148,151,109,116,154,157,167,167,254,257
389,393,163,163,**,**,101,104,148,148,109,109,154,157,167,167,256,256
390,394,163,163,261,270,104,104,151,151,109,109,151,151,169,169,254,257
391,395,163,165,261,264,104,104,145,151,109,109,151,154,167,169,256,256
392,396,163,163,261,264,104,104,148,148,109,109,151,154,167,167,256,256
393,397,163,163,260,264,104,104,145,148,109,109,154,154,167,169,254,256
394,400,163,163,264,270,104,104,148,151,109,109,151,157,167,167,256,257
395,401,163,165,264,270,101,104,148,151,109,109,151,154,169,169,256,256
396,402,163,163,264,264,104,104,148,148,109,109,154,154,167,169,256,256
397,403,**,**,**,**,**,**,**,**,**,**,**,**,167,167,256,257
398,404,163,163,261,270,93,104,148,151,109,109,154,157,167,167,256,257
399,405,163,165,264,270,101,104,145,148,109,109,151,154,**,**,**,**
400,406,163,165,264,264,104,104,148,151,109,116,151,154,167,169,254,257
401,407,163,163,261,264,93,104,151,151,109,109,151,154,167,169,256,257
402,408,163,163,258,264,101,104,145,148,109,109,151,154,167,167,256,257
403,409,163,163,261,264,104,104,151,151,109,109,151,154,167,169,256,256
404,410,163,163,261,264,104,104,145,148,109,109,151,157,167,167,256,256
405,411,163,163,264,270,93,104,148,151,109,109,151,154,167,169,256,257
406,412,163,163,270,270,93,104,151,151,109,109,151,154,169,169,254,257
407,413,163,163,260,270,104,104,148,148,109,109,151,157,167,169,254,256
408,414,163,165,258,260,104,104,148,151,109,109,154,154,167,167,256,256
409,415,163,163,264,264,104,104,151,151,109,109,151,151,167,169,257,257
410,416,163,163,258,264,104,104,148,151,109,109,154,157,167,167,254,256
411,417,163,165,261,264,104,104,145,151,109,109,154,154,167,169,257,257
412,418,163,165,270,270,93,104,151,151,109,109,151,151,167,167,254,257
413,419,163,165,261,270,104,104,145,151,109,109,151,151,167,167,256,256
414,420,163,163,260,264,104,104,148,151,109,109,151,154,167,169,256,256
415,421,163,163,264,270,93,101,148,151,109,109,151,157,167,167,254,256
416,422,163,163,264,264,101,104,151,151,109,109,154,157,167,169,257,257
417,423,163,163,258,260,104,104,148,148,109,109,151,157,167,169,254,257
418,424,163,163,264,264,104,104,145,148,109,109,154,154,169,169,257,257
419,426,163,165,261,264,104,104,148,151,109,109,151,154,167,167,257,257
420,427,163,165,261,264,104,104,145,148,109,109,151,154,167,167,257,257
421,430,163,163,260,264,93,93,148,148,109,109,154,157,167,169,254,257
422,434,163,165,264,264,104,104,145,151,109,109,154,154,167,169,254,256
423,436,163,163,264,264,104,104,145,151,109,109,151,154,167,169,256,257
424,437,163,163,260,261,104,104,148,151,109,109,151,154,167,169,256,256
425,438,163,163,260,264,101,104,151,151,109,109,151,154,167,167,256,256
426,439,163,163,261,264,93,104,145,151,**,**,**,**,167,167,256,257
427,440,163,165,264,264,101,104,145,151,109,109,151,154,167,167,256,256
428,442,163,163,260,261,93,104,148,148,109,109,151,154,169,169,256,256
429,443,163,165,261,264,93,93,148,148,109,109,151,151,167,169,256,256
430,445,163,165,261,270,104,104,148,151,109,109,151,151,169,171,**,**
431,447,163,163,261,261,93,104,148,151,109,109,154,157,167,167,256,256
432,448,163,163,264,264,93,104,148,151,109,109,151,151,169,171,256,257
433,449,163,163,261,264,104,104,148,151,109,109,151,157,167,169,256,257
434,450,163,163,258,270,101,104,148,148,109,116,154,154,167,169,256,256
435,451,163,163,261,270,104,104,151,151,109,109,151,154,167,169,254,256
436,452,163,165,261,261,101,104,148,151,109,109,151,157,167,169,257,257
437,453,163,163,260,264,104,104,151,151,109,109,151,154,167,167,256,256
438,454,163,163,261,270,104,104,148,148,109,109,151,154,167,169,256,256
439,455,163,165,264,270,104,104,148,148,109,109,151,154,169,169,257,257
440,456,163,163,264,264,101,104,148,148,109,109,154,157,167,167,256,256
441,457,163,163,261,261,104,104,148,151,109,109,151,157,167,167,254,256
442,458,163,165,264,270,104,104,148,151,109,109,151,154,167,167,254,256
443,459,163,163,264,264,104,104,148,148,109,109,154,157,167,169,257,257
444,460,163,163,260,264,93,93,145,148,109,109,151,151,167,167,256,256
445,461,163,163,270,270,104,104,148,148,109,109,154,157,167,167,256,257
446,462,163,165,264,264,104,104,148,151,109,109,151,154,167,169,256,257
447,463,163,163,261,264,93,93,148,148,109,116,151,154,167,167,257,257
448,464,163,165,258,264,93,104,148,151,109,109,151,154,167,167,256,256
449,467,163,163,264,264,104,104,148,148,109,109,151,154,167,167,256,257
450,468,163,165,261,270,104,104,145,148,109,109,154,154,167,169,256,257
451,469,163,163,264,264,104,104,148,151,109,109,154,154,167,167,257,257
452,470,163,165,260,261,104,104,148,148,109,109,154,157,167,167,256,256
453,471,163,165,264,264,101,104,148,151,109,109,154,154,167,167,256,257
454,472,163,165,264,270,104,104,148,151,109,109,151,151,167,167,256,257
455,473,163,163,261,264,101,104,148,151,109,109,151,154,167,167,257,257
456,474,163,163,264,270,93,101,148,151,109,109,151,154,169,169,256,256
457,475,163,163,270,270,93,104,148,148,109,109,151,151,167,167,254,256
458,476,163,163,264,270,104,104,145,148,109,109,154,154,167,167,256,256
459,477,163,165,264,270,104,104,148,148,109,109,151,151,169,169,257,257
460,478,163,163,264,270,104,104,151,151,109,109,151,151,167,167,256,256
461,479,163,163,260,264,104,104,148,151,109,109,151,154,167,169,256,256
462,480,163,163,**,**,101,104,145,148,109,116,154,154,167,167,257,257
463,481,163,163,260,264,104,104,145,151,109,109,151,154,167,167,256,256
464,482,163,163,260,260,93,104,148,151,109,109,151,151,167,169,256,256
465,483,163,163,264,270,104,104,148,151,109,109,151,151,167,167,256,256
466,484,163,163,261,270,104,104,148,151,109,109,151,151,167,167,254,256
467,485,163,163,261,264,93,104,148,148,109,109,151,151,167,167,256,257
468,486,163,165,261,261,104,104,148,148,109,109,151,154,167,167,257,257
469,487,163,163,261,270,104,104,145,151,109,109,151,151,**,**,256,256
470,488,163,165,258,261,93,104,148,148,109,109,151,157,167,169,256,256
471,489,163,163,261,270,101,104,148,148,109,109,154,154,167,167,254,256
472,490,163,163,264,264,104,104,148,151,109,109,154,157,167,167,257,257
473,491,163,165,264,270,104,104,148,151,109,109,151,157,167,167,256,257
474,492,163,163,258,270,93,104,148,151,109,109,154,154,167,167,256,257
475,493,163,163,261,261,101,104,151,151,109,109,151,154,167,167,256,257
476,494,163,163,261,261,93,93,145,148,109,109,151,151,167,167,256,257
477,495,163,165,260,264,104,104,145,151,109,109,151,154,167,167,257,257
478,496,163,165,260,264,104,104,145,145,109,109,154,154,167,169,254,256
479,497,163,165,264,270,104,104,148,151,109,109,151,154,167,169,257,257
480,499,163,163,258,264,104,104,148,151,109,116,151,151,167,169,**,**
481,500,163,163,260,261,93,104,148,151,109,109,151,154,167,169,254,256
482,501,163,165,264,264,104,104,145,148,109,109,154,157,167,167,257,257
483,502,163,165,264,270,93,104,148,151,109,109,151,151,167,169,256,257
484,503,163,165,260,270,93,104,145,151,109,109,151,157,**,**,**,**
485,504,**,**,**,**,**,**,**,**,**,**,**,**,**,**,**,**
486,505,163,163,264,270,93,104,148,151,109,109,151,154,167,169,256,257
487,506,163,163,264,270,104,104,145,151,109,109,151,157,169,169,**,**
488,507,163,163,264,270,101,104,148,151,109,109,157,157,167,169,254,257
489,508,163,165,264,270,101,104,148,148,109,109,151,157,167,167,254,254
490,509,163,165,264,270,93,101,148,151,109,109,154,154,167,167,254,256
491,510,163,163,**,**,104,104,151,151,109,109,151,154,169,169,**,**
492,511,163,165,264,264,93,104,151,151,109,109,151,151,167,169,256,256
493,512,163,163,258,270,104,104,148,151,109,109,154,157,167,167,256,256
494,513,163,163,264,264,104,104,151,151,109,109,151,154,167,169,254,257
495,514,165,165,258,264,101,104,151,151,109,109,154,154,**,**,256,256
496,515,163,163,264,264,93,104,148,151,109,109,151,154,167,169,254,257
497,516,163,165,260,261,101,104,148,151,109,109,151,154,167,167,257,257
498,517,163,163,260,260,**,**,151,151,109,109,154,154,**,**,**,**
499,518,163,165,261,270,104,104,148,148,109,109,154,157,167,167,254,257
500,519,163,165,260,264,104,104,148,151,109,109,151,154,167,169,256,256
501,520,163,163,260,264,101,104,151,151,109,109,154,154,167,167,254,256
502,521,163,163,261,264,93,104,148,151,109,109,151,154,167,167,256,256
503,522,163,163,261,270,93,93,148,151,109,109,151,154,167,167,256,256
504,523,163,163,270,270,93,101,148,151,109,109,151,151,167,167,256,257
505,524,163,163,**,**,93,101,148,148,109,109,154,154,167,167,257,257
506,525,163,163,260,264,104,104,148,148,109,109,151,154,169,169,256,256
507,526,163,163,258,261,104,104,148,151,109,109,151,154,167,167,254,254
508,527,165,165,264,264,104,104,145,148,109,109,151,157,169,169,254,256
509,528,163,165,261,261,101,104,148,148,109,109,151,154,167,169,256,256
510,529,163,163,264,270,104,104,148,151,109,109,151,154,167,167,254,256
511,530,163,165,261,264,93,104,151,151,109,109,154,154,167,169,256,257
512,531,163,163,258,261,104,104,151,151,109,109,154,154,167,167,256,256
513,532,163,165,260,264,101,104,148,151,109,109,151,154,167,167,256,256
514,533,165,165,261,264,104,104,148,151,109,109,151,157,167,169,254,254
515,534,163,163,260,264,104,104,148,148,109,109,154,157,167,167,257,257
516,535,163,163,264,264,104,104,148,151,109,109,151,154,167,169,254,254
517,536,163,165,264,270,93,104,151,151,109,109,151,154,167,167,257,257
518,537,163,163,260,261,104,104,151,151,109,109,154,157,169,169,257,257
519,538,165,165,264,264,93,104,151,151,109,109,154,157,167,169,256,256
520,539,163,163,264,264,101,104,148,148,109,109,151,157,167,167,256,256
521,540,163,165,261,270,101,104,145,151,109,109,151,154,167,167,257,257
522,541,163,165,261,264,93,104,148,148,109,109,154,154,167,169,257,257
523,542,163,163,264,270,101,104,151,151,109,109,157,157,167,167,257,257
524,543,163,163,261,264,104,104,148,151,109,109,154,157,167,167,254,254
525,544,163,165,260,260,93,104,148,148,109,109,154,154,167,167,254,254
526,545,163,165,264,264,93,93,145,151,109,109,154,154,167,167,**,**
527,546,163,163,261,261,104,104,145,148,109,109,151,151,167,167,254,256
528,547,163,165,264,264,104,104,151,151,109,109,151,154,167,169,256,257
529,548,163,163,261,264,101,104,148,148,109,109,151,154,167,167,256,257
530,549,163,165,270,270,93,104,148,151,109,116,151,157,167,167,257,257
531,550,163,165,258,270,104,104,148,151,109,109,151,154,167,169,257,257
532,551,163,163,258,270,104,104,148,151,109,109,154,154,167,167,254,257
533,552,165,165,264,264,104,104,148,148,109,109,151,151,167,167,256,257
534,553,**,**,**,**,101,101,**,**,**,**,**,**,167,167,256,257
535,554,**,**,**,**,**,**,**,**,**,**,**,**,167,167,257,257
536,555,163,163,264,264,104,104,148,148,109,109,154,154,**,**,**,**
537,556,163,165,260,264,104,104,151,151,109,109,151,154,167,169,256,256
538,557,163,165,264,270,93,104,148,151,109,109,151,151,167,167,256,257
539,558,163,165,260,264,101,104,148,151,**,**,**,**,**,**,256,256
540,559,163,163,**,**,104,104,148,151,109,109,151,154,167,167,257,257
541,560,163,163,261,264,104,104,148,148,109,109,151,157,169,169,256,256
542,561,163,163,261,264,101,104,148,151,109,109,154,157,167,167,256,256
543,562,163,165,260,264,104,104,148,148,109,109,151,151,167,169,**,**
544,563,**,**,264,264,93,104,145,148,109,109,151,154,167,167,256,256
545,564,163,163,260,260,93,104,151,151,109,109,151,157,167,167,257,257
546,565,165,165,264,264,104,104,148,148,109,109,151,154,167,169,257,257
547,566,**,**,**,**,104,104,145,148,109,109,151,154,167,167,**,**
548,567,**,**,**,**,93,104,145,148,109,109,151,157,169,169,256,257
549,568,163,165,264,270,104,104,151,151,109,109,154,154,167,167,256,256
550,569,163,163,264,270,104,104,148,151,109,109,154,154,167,167,256,256
551,570,163,165,264,270,104,104,145,148,109,116,151,154,**,**,257,257
552,571,163,163,261,264,104,104,148,148,109,116,154,157,167,167,**,**
553,572,163,165,258,264,104,104,151,151,109,109,154,157,**,**,**,**
554,573,163,163,**,**,104,104,148,151,109,109,151,151,**,**,**,**
555,574,163,165,260,264,104,104,148,148,109,109,151,154,**,**,**,**
556,575,163,163,261,270,93,104,151,151,109,109,154,154,167,169,257,257
557,576,163,165,**,**,93,104,151,151,109,109,154,157,**,**,**,**
558,577,163,165,260,264,101,104,151,151,109,109,151,151,167,167,254,254
559,578,163,165,261,261,93,104,148,148,109,109,151,154,**,**,**,**
560,579,163,163,**,**,101,104,148,151,109,109,154,154,167,167,256,257
561,580,163,165,261,264,93,101,145,151,109,109,151,151,167,167,257,257
562,581,**,**,**,**,93,104,148,148,109,109,154,154,167,167,256,257
563,582,163,163,**,**,104,104,151,151,109,109,151,157,167,167,256,256
564,583,163,165,264,270,104,104,148,151,109,109,154,157,167,167,256,257
565,584,163,165,**,**,104,104,148,151,109,109,151,151,169,169,256,256
566,585,163,163,**,**,104,104,148,151,109,109,154,157,167,167,256,256
567,586,163,163,260,260,93,104,151,151,109,109,154,157,167,167,256,256
568,587,163,163,**,**,104,104,148,151,109,109,151,154,167,171,254,254
569,588,163,163,258,261,93,104,151,151,109,109,151,154,167,167,**,**
570,589,163,165,**,**,104,104,145,148,109,109,151,154,167,169,256,257
571,590,163,165,**,**,104,104,151,151,109,109,154,154,167,169,256,256
572,591,163,163,264,264,101,104,151,151,109,109,154,154,167,167,256,256
573,592,**,**,**,**,93,104,151,151,109,109,154,154,167,169,254,256
574,593,163,163,261,264,104,104,151,151,109,109,151,154,169,169,256,257
575,594,163,163,261,264,104,104,151,151,109,109,154,154,167,169,256,257
576,595,163,163,264,264,104,104,148,151,109,109,154,154,167,167,256,256
577,596,163,163,264,270,104,104,148,151,109,109,151,151,167,167,256,257
578,597,163,163,264,264,93,104,148,151,109,109,154,157,167,167,257,257
579,598,163,163,260,270,104,104,148,151,109,109,151,154,167,167,257,257
580,599,163,165,261,264,104,104,151,151,109,109,151,154,167,169,254,256
581,600,163,163,264,270,101,104,148,151,109,109,154,154,167,171,256,257
582,601,163,163,258,260,104,104,148,148,109,109,151,154,167,169,256,256
583,602,163,163,264,264,101,104,151,151,109,109,157,157,167,167,256,257
584,603,163,165,270,270,104,104,151,151,109,109,154,157,167,169,256,256
585,604,163,163,261,270,104,104,148,148,109,109,154,154,167,167,254,257
586,605,163,165,261,261,104,104,148,151,109,109,151,154,167,169,256,257
587,606,163,163,261,270,104,104,148,148,109,109,151,154,167,167,256,257
588,607,163,163,264,264,104,104,148,151,109,109,151,157,167,167,256,257
589,608,163,163,260,260,101,104,151,151,109,109,154,154,**,**,**,**
590,609,163,165,270,270,104,104,151,151,109,109,154,157,167,167,256,256
591,610,163,163,261,264,93,104,145,151,109,109,151,154,167,169,256,257
592,611,163,163,260,260,93,104,148,148,109,109,151,154,167,169,256,256
593,612,163,165,**,**,93,104,148,151,109,109,154,154,167,169,256,256
594,613,163,163,**,**,104,104,**,**,109,109,151,157,167,167,254,257
595,614,**,**,**,**,104,104,**,**,109,109,154,154,169,169,**,**
596,615,163,163,264,264,104,104,148,148,109,109,**,**,167,169,**,**
597,616,**,**,**,**,**,**,**,**,**,**,**,**,167,169,256,256
598,617,**,**,260,270,101,104,151,151,109,109,151,151,167,171,257,257
599,618,163,163,260,270,101,104,148,151,109,109,151,154,169,169,**,**
600,619,**,**,**,**,104,104,148,148,109,109,**,**,**,**,**,**
601,620,163,163,261,270,104,104,148,151,109,109,154,154,167,167,**,**
602,621,163,163,264,264,104,104,148,151,109,109,151,154,167,167,256,256
603,622,163,165,264,270,104,104,148,148,109,109,151,151,167,169,254,254
604,623,163,163,264,270,93,104,148,148,109,109,154,154,167,167,256,256
605,624,163,165,261,270,101,104,148,148,109,116,151,154,169,169,257,257
606,625,163,163,264,270,104,104,148,148,109,109,151,157,167,169,254,257
607,626,163,165,264,270,104,104,145,148,109,109,157,157,167,167,256,256
608,627,163,165,264,264,93,104,148,151,109,109,151,151,167,167,256,256
609,628,163,163,264,264,93,93,151,151,109,116,154,154,167,169,256,257
610,629,163,163,261,264,93,104,148,151,109,109,151,157,167,169,256,257
611,630,163,163,260,264,104,104,148,151,109,109,151,154,**,**,**,**
612,631,163,163,264,270,101,104,148,148,109,109,154,154,167,167,254,256
613,632,163,163,264,264,104,104,148,148,109,109,151,151,167,169,254,256
614,633,163,165,264,264,104,104,151,151,109,109,151,157,167,169,257,257
615,634,163,165,258,260,104,104,148,151,109,109,154,154,167,167,256,256
616,635,163,163,258,261,93,93,148,151,109,109,154,154,167,167,256,256
617,636,**,**,**,**,104,104,**,**,109,109,**,**,**,**,256,256
618,637,163,163,261,270,104,104,148,151,109,109,151,154,167,169,257,257
619,638,163,163,264,264,93,104,148,148,109,109,154,154,167,167,256,256
620,639,163,165,261,264,93,93,148,151,109,109,154,154,167,167,257,257
621,640,163,163,260,261,93,101,148,148,109,109,151,154,167,167,**,**
622,641,163,163,260,264,104,104,148,151,109,109,151,154,**,**,**,**
623,642,163,165,264,264,93,104,148,151,109,109,151,154,167,169,256,256
624,643,163,163,258,264,93,104,151,151,109,109,151,154,**,**,**,**
625,644,163,163,264,264,101,104,148,151,109,109,151,154,167,167,256,256
626,645,163,165,261,264,93,104,148,148,109,109,151,154,167,167,256,256
627,646,163,163,258,264,93,93,148,151,109,109,151,157,167,167,256,256
628,647,163,163,264,264,104,104,145,151,109,109,154,154,167,169,257,257
629,648,**,**,**,**,93,104,145,151,109,109,151,154,167,167,257,257
630,649,163,163,261,261,93,104,148,151,109,109,154,154,169,171,256,256
631,650,163,165,260,270,104,104,145,148,109,109,151,154,167,169,256,257
632,651,163,163,264,270,104,104,151,151,109,109,151,154,167,169,254,256
633,652,163,165,264,264,93,104,145,151,109,109,154,154,167,169,254,254
634,Blank,**,**,**,**,**,**,**,**,**,**,**,**,**,**,**,**
635,Blank,**,**,**,**,**,**,**,**,**,**,**,**,**,**,**,**
636,Blank,**,**,**,**,**,**,**,**,**,**,**,**,**,**,**,**
637,Blank,**,**,**,**,**,**,**,**,**,**,**,**,**,**,**,**
638,Blank,**,**,**,**,**,**,**,**,**,**,**,**,**,**,**,**
639,Blank,**,**,**,**,**,**,**,**,**,**,**,**,**,**,**,**
640,Blank,**,**,**,**,**,**,**,**,**,**,**,**,**,**,**,**
641,Blank,**,**,**,**,**,**,**,**,**,**,**,**,**,**,**,**
642,Blank,**,**,**,**,**,**,**,**,**,**,**,**,**,**,**,**
643,Blank,**,**,**,**,**,**,**,**,**,**,**,**,**,**,**,**
644,Blank,**,**,**,**,**,**,**,**,**,**,**,**,**,**,**,**
