Locus,Effect_number_alleles,Actual_number_alleles
Aat2,1.2975203529691326,2
Acon5,1.534730537690695,2
Acy1,1.1916700168483072,2
Anna,2.385685751890257,3
Baez,1.9281773228993229,2
Baron_harkonnen,1.1175619518791682,2
Beatles,1.0153155064507462,2
Bertha,2.382841293286159,5
Black_Crow,3.4865179141474245,5
Blackbird,1.251448896245851,2
Blue_Jay,1.6865294581631154,3
C1,2.08049345976076,6
C147,2.108039823570558,4
C204,1.9799343944778516,7
C21,1.5108467465048452,2
C216_pigtail,3.688822583532557,4
C234,4.197445661232639,8
C259,1.960048027448826,3
C278_PT,1.4289012598079425,2
C294,3.0233347018961743,7
C316,2.110537279475236,8
C334,1.2782803876840343,2
C367,1.3811507424797067,5
C368_PigTail,1.5522285158534683,6
C485,4.199680177555758,8
C487_PigTail,1.8060168172673992,4
C536,5.6672867434002185,12
Cactus_tree,1.9447194817991562,2
Carey,1.8144341209997485,2
Carnival,1.8710794103689907,3
Cool_water,1.388792869293009,2
Coyote,1.5292822686816816,2
Darwi_Odrade,4.753814900804284,12
Daytripper,1.6654408466888089,2
Deadpool,1.1767717310434547,2
Diamond_Joe,1.378570708366703,2
Emma_Frost,1.6051158251579434,2
G3pdh1,1.9530773174483045,2
Glass_onion_v2,1.5706319962427966,3
Handy_dandy,1.7236622002672088,2
Harvest,2.509256521846265,3
Heartland,2.0820174982744235,3
i-109,3.49192736232378,4
i-113,3.142118457740172,6
i-114,2.750560296008699,8
i-120_PigTail,3.271902919761096,8
i-126,2.9898558079249655,8
i-127,2.0571029563984276,4
i-132,2.753214818815338,3
i-135,1.6827719723827501,3
i129,1.4597309709981527,3
Imagine,1.0562991385077738,2
Jackstraw_PigTail,2.5418667052217008,7
Jam_session,1.6927680783483483,3
Jericho,3.029970468089836,5
Jerry-Garcia,2.382491129866399,5
Jokerman,3.1567269804602702,5
Jude,1.6183752134313232,2
Julia,1.5497616853968281,2
Kitty_Pryde,1.6743562594117656,3
Maggie_mae,1.2144377410719638,3
Majesty,1.7874905406000592,2
Miles_teg,1.7964616818855117,2
Million_miles,2.0968068022761086,3
Monkey,1.2812860914267838,3
Mozambique,2.1243774564973172,3
Neil_Young,2.3594003819869216,3
Nettie_Moore,3.490991757593911,5
Pam,2.3225457740095146,4
Percy,1.8986843067096653,2
Pgm1,1.3435433672286932,2
Piggies,1.9646179381955553,2
Psylocke,3.091876342260817,4
Queen_jane,1.9518879147883814,2
Ramble,1.267504201332801,2
red_ant,1.5627937075424114,5
Sam_Stonev2,2.8547591332665796,3
Seastones,1.4134339147983732,2
Sinv-25,1.4089134429940446,3
Sinv12,1.0488011913962016,5
Siona,1.772341714288307,2
Sol-11,3.9514893044643844,5
Sol-18,1.650315560138885,3
Sol-20,3.020877526254145,13
Sol-42f,3.772736395889831,10
Sol-49,4.198430240520511,5
Sol-6,2.0184605984178576,4
Sol-J1,2.4962392283844963,6
Sol-M2,2.8223541967588424,5
Sol-M3,2.3678354744564536,3
Starr,1.243954257911126,2
st_stephen,1.0661475125323243,3
Sun_King,1.1937766703138135,2
sunrise,2.058108893471337,3
Sway,2.6548030245002745,3
Taxman,2.5912026906634145,4
Tombstone_blues,1.6038376627594504,2
Trouble,1.995402592427048,2
Tweedy,1.9533645160631226,3
Walrus,1.6161027704316482,3
Weight,1.242748284143658,2
Wigwam,1.39032861278767,2
Workingman_Blues,2.4864324704210885,3
Yellow_submarine,1.611243333319584,2
