Number,ID,m82C,m82C,34,34,16,16,25,25,69,69,6,6,13,13,31,31,18,18,28,28,73,73,84,84,74,74,m71E,m71E,21,21
1,1,193,205,**,**,259,261,292,**,166,184,347,367,278,292,249,**,**,**,107,115,329,**,**,**,233,249,216,244,304,308
2,2,161,193,**,**,261,**,262,296,**,**,351,359,**,**,**,**,301,307,119,139,**,**,155,159,245,249,228,248,296,300
3,25,157,189,**,**,267,269,262,314,180,184,351,375,276,278,229,233,301,335,123,127,349,**,145,159,245,249,216,228,**,**
4,26,173,181,210,226,263,267,262,298,**,**,351,359,260,**,225,245,311,**,111,127,349,385,145,159,241,253,244,256,304,318
5,27,157,169,202,**,245,273,288,292,**,**,351,363,**,**,225,245,301,303,123,143,329,357,155,163,245,257,**,**,312,334
6,28,149,169,240,244,**,**,262,306,188,196,323,359,270,296,237,245,311,319,115,151,**,**,155,163,249,**,216,220,312,318
7,29,181,193,198,218,255,273,298,306,184,**,371,375,270,280,229,233,301,311,111,127,349,369,155,183,**,**,252,256,296,308
8,30,173,177,192,210,259,**,262,292,166,170,351,355,256,278,229,265,**,**,103,115,329,369,151,163,233,241,224,256,308,326
9,31,165,189,210,**,259,265,262,292,166,178,355,375,262,280,233,237,301,303,99,139,349,365,159,179,241,249,236,**,304,330
10,32,153,173,184,216,259,**,286,306,162,184,351,**,**,**,237,**,307,311,91,127,357,381,155,159,233,249,240,244,296,308
11,33,169,185,194,206,261,277,262,306,166,188,351,**,270,278,233,245,293,323,**,**,329,389,141,171,241,249,232,236,322,**
12,34,**,**,**,**,265,267,290,292,**,**,355,359,258,278,229,237,289,315,107,127,**,**,**,**,241,249,240,248,304,334
13,35,169,173,210,230,257,261,262,306,166,178,363,**,278,**,241,245,307,323,91,123,**,**,155,163,237,249,236,260,296,312
14,36,181,**,198,222,265,277,292,306,166,184,323,367,244,270,229,241,311,319,**,**,337,373,151,155,241,249,216,260,308,318
15,37,169,177,196,202,251,259,262,304,184,188,**,**,264,270,237,245,289,**,123,**,349,373,133,163,253,265,220,244,312,**
16,38,165,173,198,234,261,273,298,310,**,**,351,375,270,280,213,237,303,307,123,127,329,369,145,167,**,**,228,244,296,330
17,39,165,173,196,200,261,287,290,302,162,180,351,**,276,278,229,**,**,**,119,139,369,**,155,167,249,257,236,252,300,308
18,40,153,161,192,200,263,285,262,286,**,**,351,355,**,**,233,241,289,303,127,135,357,369,159,171,237,249,244,248,304,334
19,41,169,177,200,218,251,259,262,296,184,188,363,**,270,276,225,229,315,319,99,119,329,369,141,175,245,249,228,236,300,346
20,42,169,173,194,210,263,273,262,306,170,180,347,359,248,280,241,255,303,307,115,139,361,409,155,159,237,**,220,248,300,334
21,43,153,189,194,222,251,269,262,**,**,**,**,**,264,266,237,**,311,315,91,135,329,349,155,**,241,269,236,252,308,330
22,44,169,181,198,202,257,259,290,302,170,188,351,**,248,278,237,245,307,**,103,135,341,353,**,**,241,257,244,**,312,322
23,45,165,189,210,218,261,263,298,302,166,178,323,363,260,264,237,245,**,**,127,131,349,**,167,**,241,257,236,252,300,304
24,46,165,197,214,**,253,261,290,306,178,184,355,375,258,270,225,245,**,**,107,131,333,369,159,171,241,249,220,248,296,300
25,47,161,185,194,206,259,261,298,306,188,**,**,**,258,266,217,229,301,327,131,135,329,373,145,155,249,265,240,**,308,312
26,48,177,181,182,194,259,285,294,304,188,**,323,351,258,276,233,245,**,**,115,127,329,349,151,175,245,261,240,244,312,318
27,49,165,185,206,210,**,**,262,**,170,184,355,359,264,286,237,241,303,**,127,143,365,369,159,171,249,257,216,244,300,326
28,50,181,197,210,218,269,**,294,310,178,**,375,379,244,258,237,241,297,303,91,139,329,373,151,171,241,**,236,252,**,**
29,51,**,**,**,**,259,267,290,**,188,196,351,375,**,**,237,241,301,323,**,**,329,361,**,**,237,**,220,**,300,304
30,52,153,173,198,210,265,269,262,296,162,184,355,**,270,**,245,**,323,331,131,151,365,377,151,163,229,257,248,256,300,308
31,53,157,173,192,206,255,285,**,**,166,184,323,363,244,278,225,233,307,323,123,131,349,365,141,159,249,**,236,244,304,342
32,54,153,161,206,210,277,281,290,298,180,188,323,359,266,280,233,241,323,327,111,115,373,**,163,167,241,249,220,236,308,318
33,55,149,173,192,210,251,285,262,298,170,192,**,**,270,**,**,**,**,**,115,127,365,393,141,163,241,277,228,240,312,318
34,56,169,193,218,244,251,281,288,310,166,178,351,**,264,270,221,229,307,315,123,127,349,377,151,163,237,257,220,256,300,318
35,57,165,193,200,202,239,257,310,**,170,196,347,351,260,264,225,241,303,315,103,115,329,369,155,163,249,253,224,240,308,318
36,58,149,185,206,**,265,**,286,306,166,170,**,**,256,278,233,237,289,301,127,135,341,373,163,**,241,249,232,256,296,308
37,59,181,193,206,214,261,307,260,298,170,**,367,379,270,280,237,251,307,315,91,115,385,401,155,183,241,249,252,256,322,326
38,60,145,169,200,226,265,**,314,**,184,**,375,**,266,286,233,237,307,**,115,131,329,365,163,191,249,**,232,260,318,330
39,61,169,189,196,248,269,**,**,**,174,178,347,351,280,292,225,233,293,**,**,**,**,**,159,**,241,**,236,248,**,**
40,62,153,169,184,216,251,285,290,**,166,180,351,359,260,278,229,233,307,311,127,139,353,357,155,179,245,257,240,248,308,312
41,63,153,161,214,234,257,259,**,**,178,188,355,363,258,268,221,233,289,331,111,139,357,369,155,163,237,249,216,220,312,318
42,64,149,169,194,214,265,269,278,290,166,184,323,**,278,**,237,**,289,331,111,127,357,369,**,**,233,241,216,220,300,304
43,65,177,181,202,214,251,283,298,302,174,188,323,359,268,278,233,241,301,315,111,123,377,385,159,171,237,241,224,252,312,330
44,66,173,193,222,242,263,281,306,**,166,**,355,363,244,270,233,249,289,323,123,127,397,401,151,159,237,249,248,252,312,326
45,67,169,181,198,216,263,285,290,292,170,192,375,**,266,290,249,251,**,**,123,143,**,**,155,159,**,**,**,**,308,312
46,68,157,169,214,232,285,**,292,294,162,200,371,**,278,292,237,241,327,**,119,123,369,373,145,151,237,249,216,244,304,318
47,69,165,185,210,238,285,289,278,300,180,184,351,371,244,264,221,225,289,319,115,123,349,353,155,159,241,249,216,236,296,304
48,70,145,169,222,242,259,263,278,290,170,180,323,355,276,278,241,**,307,327,123,127,361,365,159,175,249,269,216,228,300,318
49,71,177,189,**,**,**,**,292,306,162,184,**,**,**,**,225,**,303,307,123,131,373,381,151,**,237,257,228,236,292,318
50,72,157,173,192,194,273,281,262,290,**,**,**,**,254,268,245,249,315,327,91,111,361,373,155,159,277,281,224,248,**,**
51,73,149,193,202,212,**,**,262,298,162,184,351,371,260,278,**,**,301,303,**,**,357,393,151,155,233,265,216,220,318,330
52,74,177,185,194,214,249,261,**,**,180,192,375,379,**,**,233,251,289,303,115,119,**,**,163,167,237,245,244,252,296,308
53,75,165,189,214,242,**,**,**,**,180,184,323,**,**,**,225,229,303,319,127,139,349,373,159,179,245,261,240,248,304,330
