Number,ID,24,,m82C,,70,,34,,16,,25,,69,,6,,13,,31,,18,,30D,,28,,73,,84,,74,,m71E,,21,
1,1,**,**,193,205,129,141,**,**,259,261,292,**,166,184,347,367,278,292,249,**,**,**,237,253,107,115,329,**,**,**,233,249,216,244,304,308
2,2,285,**,161,193,**,**,**,**,261,**,262,296,**,**,351,359,**,**,**,**,301,307,**,**,119,139,**,**,155,159,245,249,228,248,296,300
3,25,281,297,157,189,129,**,**,**,267,269,262,314,180,184,351,375,276,278,229,233,301,335,193,217,123,127,349,**,145,159,245,249,216,228,**,**
4,26,273,281,173,181,117,**,210,226,263,267,262,298,**,**,351,359,260,**,225,245,311,**,197,241,111,127,349,385,145,159,241,253,244,256,304,318
5,27,289,301,157,169,113,133,202,**,245,273,288,292,**,**,351,363,**,**,225,245,301,303,**,**,123,143,329,357,155,163,245,257,**,**,312,334
6,28,269,281,149,169,133,147,240,244,**,**,262,306,188,196,323,359,270,296,237,245,311,319,225,233,115,151,**,**,155,163,249,**,216,220,312,318
7,29,273,317,181,193,133,141,198,218,255,273,298,306,184,**,371,375,270,280,229,233,301,311,205,221,111,127,349,369,155,183,**,**,252,256,296,308
8,30,269,293,173,177,137,**,192,210,259,**,262,292,166,170,351,355,256,278,229,265,**,**,217,237,103,115,329,369,151,163,233,241,224,256,308,326
9,31,269,285,165,189,117,155,210,**,259,265,262,292,166,178,355,375,262,280,233,237,301,303,193,225,99,139,349,365,159,179,241,249,236,**,304,330
10,32,297,313,153,173,121,141,184,216,259,**,286,306,162,184,351,**,**,**,237,**,307,311,193,209,91,127,357,381,155,159,233,249,240,244,296,308
11,33,273,301,169,185,129,141,194,206,261,277,262,306,166,188,351,**,270,278,233,245,293,323,225,249,**,**,329,389,141,171,241,249,232,236,322,**
12,34,301,305,**,**,117,133,**,**,265,267,290,292,**,**,355,359,258,278,229,237,289,315,233,**,107,127,**,**,**,**,241,249,240,248,304,334
13,35,289,297,169,173,137,**,210,230,257,261,262,306,166,178,363,**,278,**,241,245,307,323,213,229,91,123,**,**,155,163,237,249,236,260,296,312
14,36,293,297,181,**,117,129,198,222,265,277,292,306,166,184,323,367,244,270,229,241,311,319,221,241,**,**,337,373,151,155,241,249,216,260,308,318
15,37,285,301,169,177,133,141,196,202,251,259,262,304,184,188,**,**,264,270,237,245,289,**,229,233,123,**,349,373,133,163,253,265,220,244,312,**
16,38,289,**,165,173,129,137,198,234,261,273,298,310,**,**,351,375,270,280,213,237,303,307,225,229,123,127,329,369,145,167,**,**,228,244,296,330
17,39,273,329,165,173,129,141,196,200,261,287,290,302,162,180,351,**,276,278,229,**,**,**,205,245,119,139,369,**,155,167,249,257,236,252,300,308
18,40,269,301,153,161,**,**,192,200,263,285,262,286,**,**,351,355,**,**,233,241,289,303,221,245,127,135,357,369,159,171,237,249,244,248,304,334
19,41,273,301,169,177,129,133,200,218,251,259,262,296,184,188,363,**,270,276,225,229,315,319,213,225,99,119,329,369,141,175,245,249,228,236,300,346
20,42,289,297,169,173,**,**,194,210,263,273,262,306,170,180,347,359,248,280,241,255,303,307,201,233,115,139,361,409,155,159,237,**,220,248,300,334
21,43,**,**,153,189,129,133,194,222,251,269,262,**,**,**,**,**,264,266,237,**,311,315,221,225,91,135,329,349,155,**,241,269,236,252,308,330
22,44,289,305,169,181,141,147,198,202,257,259,290,302,170,188,351,**,248,278,237,245,307,**,217,229,103,135,341,353,**,**,241,257,244,**,312,322
23,45,289,301,165,189,121,141,210,218,261,263,298,302,166,178,323,363,260,264,237,245,**,**,193,229,127,131,349,**,167,**,241,257,236,252,300,304
24,46,**,**,165,197,129,151,214,**,253,261,290,306,178,184,355,375,258,270,225,245,**,**,209,225,107,131,333,369,159,171,241,249,220,248,296,300
25,47,**,**,161,185,113,137,194,206,259,261,298,306,188,**,**,**,258,266,217,229,301,327,209,225,131,135,329,373,145,155,249,265,240,**,308,312
26,48,305,313,177,181,117,133,182,194,259,285,294,304,188,**,323,351,258,276,233,245,**,**,201,221,115,127,329,349,151,175,245,261,240,244,312,318
27,49,289,309,165,185,**,**,206,210,**,**,262,**,170,184,355,359,264,286,237,241,303,**,237,**,127,143,365,369,159,171,249,257,216,244,300,326
28,50,305,309,181,197,**,**,210,218,269,**,294,310,178,**,375,379,244,258,237,241,297,303,197,229,91,139,329,373,151,171,241,**,236,252,**,**
29,51,**,**,**,**,121,133,**,**,259,267,290,**,188,196,351,375,**,**,237,241,301,323,217,237,**,**,329,361,**,**,237,**,220,**,300,304
30,52,289,305,153,173,117,155,198,210,265,269,262,296,162,184,355,**,270,**,245,**,323,331,205,217,131,151,365,377,151,163,229,257,248,256,300,308
31,53,289,**,157,173,129,141,192,206,255,285,**,**,166,184,323,363,244,278,225,233,307,323,205,217,123,131,349,365,141,159,249,**,236,244,304,342
32,54,297,313,153,161,129,137,206,210,277,281,290,298,180,188,323,359,266,280,233,241,323,327,229,233,111,115,373,**,163,167,241,249,220,236,308,318
33,55,**,**,149,173,117,151,192,210,251,285,262,298,170,192,**,**,270,**,**,**,**,**,193,237,115,127,365,393,141,163,241,277,228,240,312,318
34,56,293,309,169,193,151,**,218,244,251,281,288,310,166,178,351,**,264,270,221,229,307,315,217,233,123,127,349,377,151,163,237,257,220,256,300,318
35,57,273,289,165,193,117,121,200,202,239,257,310,**,170,196,347,351,260,264,225,241,303,315,193,221,103,115,329,369,155,163,249,253,224,240,308,318
36,58,269,285,149,185,117,151,206,**,265,**,286,306,166,170,**,**,256,278,233,237,289,301,229,233,127,135,341,373,163,**,241,249,232,256,296,308
37,59,281,309,181,193,129,133,206,214,261,307,260,298,170,**,367,379,270,280,237,251,307,315,**,**,91,115,385,401,155,183,241,249,252,256,322,326
38,60,**,**,145,169,117,**,200,226,265,**,314,**,184,**,375,**,266,286,233,237,307,**,205,209,115,131,329,365,163,191,249,**,232,260,318,330
39,61,285,293,169,189,117,137,196,248,269,**,**,**,174,178,347,351,280,292,225,233,293,**,197,221,**,**,**,**,159,**,241,**,236,248,**,**
40,62,285,301,153,169,117,129,184,216,251,285,290,**,166,180,351,359,260,278,229,233,307,311,**,**,127,139,353,357,155,179,245,257,240,248,308,312
41,63,273,317,153,161,113,117,214,234,257,259,**,**,178,188,355,363,258,268,221,233,289,331,213,217,111,139,357,369,155,163,237,249,216,220,312,318
42,64,273,297,149,169,129,147,194,214,265,269,278,290,166,184,323,**,278,**,237,**,289,331,201,225,111,127,357,369,**,**,233,241,216,220,300,304
43,65,293,309,177,181,133,137,202,214,251,283,298,302,174,188,323,359,268,278,233,241,301,315,193,237,111,123,377,385,159,171,237,241,224,252,312,330
44,66,305,313,173,193,117,141,222,242,263,281,306,**,166,**,355,363,244,270,233,249,289,323,221,229,123,127,397,401,151,159,237,249,248,252,312,326
45,67,**,**,169,181,117,**,198,216,263,285,290,292,170,192,375,**,266,290,249,251,**,**,233,249,123,143,**,**,155,159,**,**,**,**,308,312
46,68,301,**,157,169,117,**,214,232,285,**,292,294,162,200,371,**,278,292,237,241,327,**,217,225,119,123,369,373,145,151,237,249,216,244,304,318
47,69,301,305,165,185,129,137,210,238,285,289,278,300,180,184,351,371,244,264,221,225,289,319,217,221,115,123,349,353,155,159,241,249,216,236,296,304
48,70,273,305,145,169,113,141,222,242,259,263,278,290,170,180,323,355,276,278,241,**,307,327,**,**,123,127,361,365,159,175,249,269,216,228,300,318
49,71,281,301,177,189,**,**,**,**,**,**,292,306,162,184,**,**,**,**,225,**,303,307,**,**,123,131,373,381,151,**,237,257,228,236,292,318
50,72,281,309,157,173,129,137,192,194,273,281,262,290,**,**,**,**,254,268,245,249,315,327,193,213,91,111,361,373,155,159,277,281,224,248,**,**
51,73,289,**,149,193,137,**,202,212,**,**,262,298,162,184,351,371,260,278,**,**,301,303,197,209,**,**,357,393,151,155,233,265,216,220,318,330
52,74,301,**,177,185,117,129,194,214,249,261,**,**,180,192,375,379,**,**,233,251,289,303,197,213,115,119,**,**,163,167,237,245,244,252,296,308
53,75,293,309,165,189,117,147,214,242,**,**,**,**,180,184,323,**,**,**,225,229,303,319,225,229,127,139,349,373,159,179,245,261,240,248,304,330
