Number,ID,C234,C234,C368_PigTail,C368_PigTail,i-135,i-135,C334,C334,C1,C1,Seastones,Seastones,i-132,i-132,C367,C367
1,1,118,139,188,188,91,93,189,189,275,275,84,91,240,240,230,230
2,2,139,139,188,196,91,93,**,**,**,**,84,91,242,244,230,230
3,3,**,**,**,**,**,**,**,**,**,**,**,**,**,**,**,**
4,4,136,139,188,188,91,91,189,189,**,**,84,91,244,244,230,230
5,5,**,**,**,**,**,**,**,**,**,**,**,**,**,**,**,**
6,6,139,139,188,188,91,93,191,191,275,275,84,91,**,**,230,232
7,7,118,124,188,188,93,93,189,189,277,277,84,84,240,240,230,230
8,8,**,**,**,**,**,**,**,**,**,**,**,**,**,**,**,**
9,9,118,124,**,**,91,91,189,189,275,275,84,91,240,240,230,230
10,10,124,124,188,188,91,93,189,189,**,**,84,84,**,**,230,230
11,11,136,139,188,188,91,91,189,189,275,275,91,91,240,244,230,232
12,12,118,139,188,188,91,93,189,191,273,275,84,84,242,244,230,230
13,13,124,139,194,209,91,91,189,189,275,277,84,91,240,242,230,230
14,14,136,139,188,188,91,93,189,189,275,277,84,84,240,242,230,230
15,15,124,139,188,194,91,91,189,189,275,275,84,84,242,242,230,230
16,16,124,136,188,209,91,91,189,191,273,275,84,91,240,244,230,230
17,17,118,139,188,209,91,91,189,189,275,284,84,84,242,242,228,230
18,18,139,139,188,209,91,93,189,191,**,**,84,84,240,240,230,230
19,19,118,139,194,194,91,91,189,189,277,277,84,84,240,244,230,232
20,20,124,139,188,194,91,93,189,189,275,275,84,84,244,244,228,232
21,21,118,124,188,188,91,91,189,189,275,275,84,91,240,242,230,232
22,22,136,139,188,188,91,91,189,189,277,284,84,84,240,244,230,230
23,23,118,136,188,188,91,93,189,189,273,275,84,84,240,242,230,230
24,24,136,139,188,194,91,91,189,189,275,277,84,91,240,240,230,230
25,25,139,139,188,188,91,93,189,189,275,277,84,84,240,244,230,230
26,26,118,118,188,188,91,91,189,189,273,275,84,91,240,244,230,232
27,27,124,136,188,209,91,93,189,189,275,275,84,91,240,244,230,230
28,28,136,139,188,194,91,91,189,189,275,277,84,84,240,244,230,230
29,29,136,139,188,188,91,93,189,189,275,275,84,84,244,244,230,230
30,30,118,139,188,194,91,93,189,189,275,275,84,84,244,244,230,230
31,31,118,136,188,194,91,93,189,189,275,275,84,84,240,240,230,230
32,32,124,139,188,209,91,93,189,189,275,275,84,91,244,244,230,230
33,33,124,133,188,209,91,91,189,189,273,273,84,91,240,244,230,230
34,34,139,139,188,188,91,91,189,189,273,277,84,84,240,240,230,230
35,35,124,139,188,188,91,93,189,189,275,275,84,84,242,244,230,232
36,36,124,139,188,188,91,93,189,189,275,275,84,91,240,242,230,230
37,37,118,136,188,188,91,91,189,189,275,277,84,91,240,244,230,232
38,38,118,136,188,188,91,91,189,189,275,275,84,84,244,244,230,230
39,39,118,124,188,194,91,91,189,189,275,277,84,84,244,244,230,232
40,40,118,136,188,196,91,93,189,189,275,275,84,91,240,244,230,232
41,41,133,139,188,196,91,91,189,191,273,275,84,84,242,244,230,230
42,42,124,136,188,188,91,93,189,189,**,**,84,84,240,240,230,230
43,43,118,124,188,209,91,93,189,189,275,284,84,91,240,240,230,230
44,44,118,139,194,209,91,93,189,189,273,275,84,91,240,242,230,232
45,45,118,124,188,188,91,91,189,189,275,275,84,84,**,**,230,230
46,46,118,118,**,**,91,91,**,**,**,**,**,**,**,**,**,**
47,47,118,136,188,188,91,93,189,189,275,275,84,84,244,244,230,232
48,48,118,136,188,194,91,93,189,189,275,284,84,91,240,242,230,230
49,49,118,139,188,188,91,91,189,191,275,277,84,84,240,244,230,230
50,50,136,139,188,188,91,93,189,189,275,284,84,84,244,244,230,230
51,51,124,133,188,196,91,93,189,189,275,275,84,84,240,244,230,230
52,52,124,139,188,188,91,93,189,189,273,275,84,84,240,244,230,230
53,53,124,133,**,**,93,93,**,**,**,**,84,84,**,**,**,**
54,54,118,139,188,188,91,93,191,191,275,275,84,91,**,**,230,230
55,55,118,136,188,188,91,91,189,189,**,**,84,84,**,**,230,230
56,56,136,139,188,196,91,91,189,189,**,**,84,91,242,244,230,230
57,57,124,124,188,188,91,91,189,189,275,275,84,91,240,240,230,230
58,58,139,139,188,194,91,93,189,191,277,277,84,84,244,244,230,232
59,59,133,136,188,212,91,91,189,189,275,275,84,91,240,244,230,230
60,60,118,124,194,194,91,91,189,189,275,275,84,84,240,240,230,230
61,61,118,124,188,188,91,93,189,189,275,275,84,91,242,242,230,230
62,62,139,139,188,188,91,93,189,189,275,275,84,84,240,242,230,230
63,63,118,139,188,188,91,93,189,189,275,277,84,84,240,242,230,230
64,64,124,124,**,**,91,91,189,189,**,**,84,84,244,244,230,230
65,65,133,136,188,188,91,93,189,189,275,275,84,91,244,244,230,230
66,66,139,139,188,188,91,93,189,189,275,277,84,84,240,244,230,230
67,67,124,139,188,188,93,93,189,189,**,**,84,84,242,242,230,232
68,68,139,139,**,**,91,91,**,**,**,**,**,**,**,**,**,**
69,69,133,139,**,**,91,93,189,189,**,**,84,91,**,**,230,230
70,70,136,139,188,209,91,91,189,189,275,277,84,91,**,**,230,230
71,71,124,139,188,188,91,93,189,191,275,277,84,91,242,242,230,230
72,72,136,139,**,**,91,99,**,**,**,**,84,84,**,**,230,230
73,73,118,136,188,188,91,93,189,191,275,277,84,84,240,244,230,230
74,74,139,139,188,188,91,91,189,189,275,275,84,84,242,244,230,232
75,75,118,136,188,188,91,91,189,189,275,275,84,91,242,244,230,230
76,76,118,136,188,188,91,91,189,191,275,277,84,84,240,240,230,232
77,77,139,142,188,188,91,93,189,189,275,275,84,91,240,244,230,230
78,78,118,139,188,209,91,93,189,189,275,275,84,84,240,244,230,230
79,79,118,133,188,194,91,93,189,189,275,275,84,91,240,244,230,230
80,80,133,133,188,188,91,91,189,189,277,284,91,91,242,244,230,232
81,81,139,139,188,196,91,91,189,191,275,275,84,84,240,244,230,230
82,82,139,139,188,188,91,91,189,189,277,277,84,91,240,240,230,232
83,83,133,139,188,188,91,91,189,189,275,275,84,84,242,242,230,230
84,84,139,139,188,196,91,93,189,189,275,277,84,84,244,244,230,230
85,85,139,139,**,**,91,91,**,**,**,**,84,84,**,**,228,230
86,86,118,118,188,196,91,93,189,189,**,**,84,84,244,244,230,232
87,87,139,139,188,188,91,93,189,189,275,275,84,91,240,240,230,230
88,88,118,133,188,194,91,91,189,189,275,277,84,91,240,244,230,230
89,89,136,139,188,196,91,91,189,189,275,275,84,84,240,244,230,230
90,90,124,139,188,194,91,93,189,189,**,**,84,84,240,244,230,230
91,91,**,**,**,**,**,**,**,**,**,**,**,**,**,**,**,**
92,92,133,139,188,188,91,93,189,189,275,275,84,84,242,242,230,230
93,93,109,139,188,188,91,93,189,189,275,275,84,84,240,244,230,232
94,94,124,139,188,188,91,91,189,191,277,277,84,84,240,240,230,232
95,95,118,136,188,196,91,93,189,189,**,**,84,84,244,244,230,230
96,96,124,139,188,209,93,93,191,191,275,277,84,84,240,244,230,230
