Number,ID,Trouble,Trouble
1,563,247,249
2,564,247,249
3,565,247,249
4,566,**,**
5,567,**,**
6,568,247,249
7,569,247,247
8,570,**,**
9,571,**,**
10,572,247,249
11,573,**,**
12,574,**,**
13,575,247,247
14,576,247,249
15,577,**,**
16,578,247,249
17,579,247,249
18,580,247,249
19,581,247,249
20,582,**,**
21,583,**,**
22,584,**,**
23,585,247,247
24,586,**,**
25,587,**,**
26,588,247,249
27,589,**,**
28,590,247,249
29,591,**,**
30,592,**,**
31,593,249,249
32,594,247,249
33,595,247,249
34,596,247,249
35,597,249,249
36,598,249,249
37,599,249,249
38,600,247,249
39,601,**,**
40,602,**,**
41,603,247,247
42,604,247,249
43,605,247,249
44,606,247,249
45,607,249,249
46,608,247,249
47,609,249,249
48,610,249,249
49,611,**,**
50,612,247,249
51,613,**,**
52,614,**,**
53,615,**,**
54,616,**,**
55,617,**,**
56,618,249,249
57,619,**,**
58,620,**,**
59,621,247,247
60,622,249,249
61,623,247,249
62,624,247,249
63,625,247,249
64,626,**,**
65,627,247,247
66,628,247,247
67,629,247,247
68,630,247,249
69,631,247,249
70,632,247,249
71,633,249,249
72,634,249,249
73,635,247,249
74,636,**,**
75,637,247,249
76,638,249,249
77,639,247,249
78,640,247,247
79,641,247,247
80,642,247,249
81,643,247,249
82,644,249,249
83,645,247,249
84,646,**,**
85,647,247,247
86,648,247,249
87,649,249,249
88,650,247,247
89,651,247,249
90,652,247,247
91,Blank,**,**
92,Blank,**,**
93,Blank,**,**
94,Blank,**,**
95,Blank,**,**
96,Blank,**,**
