Number,ID,Blackbird,Blackbird,Sam Stonev2,Sam Stonev2,Daytripper,Daytripper
1,1,97,97,159,163,100,103
2,2,97,97,159,167,100,103
3,3,97,97,**,**,**,**
4,4,97,97,159,167,100,100
5,5,**,**,**,**,**,**
6,6,**,**,163,163,**,**
7,7,97,97,**,**,**,**
8,8,**,**,**,**,**,**
9,9,97,100,159,163,100,103
10,10,97,97,**,**,100,100
11,11,97,97,163,167,100,103
12,12,97,97,159,167,100,103
13,13,97,97,163,167,100,100
14,14,100,100,163,167,100,100
15,15,97,97,159,163,100,100
16,16,97,97,159,167,100,103
17,17,97,97,159,163,100,103
18,18,97,97,159,167,100,103
19,19,97,97,159,167,100,100
20,20,97,97,163,163,100,103
21,21,97,97,159,167,103,103
22,22,97,97,159,159,100,100
23,23,97,97,159,159,100,100
24,24,97,97,167,167,100,100
25,25,97,97,163,163,100,100
26,26,97,97,159,159,100,100
27,27,97,97,163,167,100,100
28,28,97,97,159,167,100,100
29,29,97,100,159,159,100,103
30,30,97,97,159,167,100,100
31,31,97,97,159,159,100,100
32,32,97,97,167,167,100,100
33,33,97,97,159,163,100,103
34,34,97,97,159,167,103,103
35,35,97,97,159,167,100,103
36,36,97,97,167,167,100,100
37,37,97,97,159,167,100,100
38,38,97,97,159,163,100,103
39,39,97,97,163,167,100,103
40,40,97,97,159,167,100,100
41,41,97,97,159,167,100,100
42,42,97,97,163,167,100,100
43,43,97,97,159,167,100,100
44,44,97,100,159,163,100,100
45,45,97,97,159,163,100,100
46,46,97,97,**,**,100,103
47,47,97,100,159,163,100,103
48,48,97,100,159,163,100,100
49,49,97,97,159,167,100,103
50,50,97,100,167,167,100,100
51,51,97,97,159,167,100,100
52,52,97,97,**,**,100,100
53,53,97,97,159,167,100,100
54,54,97,100,159,163,100,103
55,55,97,97,163,167,100,100
56,56,97,97,159,167,100,103
57,57,100,100,159,167,100,103
58,58,97,97,167,167,103,103
59,59,97,97,167,167,100,100
60,60,97,97,159,159,100,103
61,61,97,100,167,167,100,103
62,62,97,97,159,163,103,103
63,63,97,97,159,163,100,103
64,64,97,97,163,163,103,103
65,65,97,97,167,167,100,103
66,66,97,97,159,163,100,100
67,67,97,97,163,163,100,100
68,68,97,100,159,167,100,103
69,69,97,100,167,167,100,103
70,70,97,97,163,167,100,103
71,71,97,97,163,167,100,100
72,72,97,97,159,159,100,103
73,73,97,97,167,167,100,100
74,74,97,97,159,159,100,100
75,75,97,97,159,167,100,100
76,76,97,100,159,163,100,100
77,77,97,97,159,167,103,103
78,78,97,97,159,163,103,103
79,79,97,97,159,163,100,100
80,80,97,100,159,163,100,100
81,81,97,100,159,163,103,103
82,82,97,97,159,167,100,103
83,83,97,97,159,163,100,100
84,84,97,97,163,167,100,100
85,85,97,97,163,167,103,103
86,86,97,100,167,167,100,100
87,87,97,97,159,159,100,103
88,88,97,97,167,167,100,100
89,89,97,97,159,167,100,103
90,90,97,97,159,159,100,100
91,91,**,**,**,**,**,**
92,92,97,97,163,167,100,103
93,93,97,97,163,163,100,100
94,94,97,97,159,159,100,103
95,95,97,97,163,163,100,100
96,96,97,97,159,163,100,103
97,97,97,100,159,167,103,103
98,98,97,97,159,159,100,100
99,99,97,97,167,167,103,103
100,100,97,97,159,163,100,100
101,101,97,100,163,167,100,100
102,102,97,97,159,167,100,100
103,103,97,97,163,167,100,100
104,104,97,97,167,167,100,100
105,105,97,97,159,167,100,103
106,106,97,97,159,167,103,103
107,107,97,97,163,167,100,100
108,108,97,97,167,167,100,100
109,109,97,97,159,163,100,100
110,110,97,97,167,167,100,103
111,111,97,97,159,167,100,100
112,112,97,97,159,163,100,100
113,113,97,97,167,167,100,100
114,114,97,97,163,167,100,100
115,115,97,100,163,167,103,103
116,116,97,97,163,167,103,103
117,117,97,100,163,167,100,100
118,118,97,100,167,167,100,100
119,119,97,100,163,167,100,103
120,120,97,97,159,167,100,100
121,121,97,97,159,167,100,103
122,122,97,97,159,163,100,100
123,123,97,100,159,163,100,100
124,124,97,97,163,167,100,100
125,125,97,97,159,159,100,100
126,126,97,100,163,167,100,103
127,127,97,97,159,163,100,103
128,128,97,97,159,159,100,100
129,129,97,97,159,167,100,103
130,130,97,100,159,159,100,100
131,131,97,97,159,167,100,100
132,132,97,97,163,167,100,100
133,133,97,97,159,163,100,100
134,134,97,97,159,163,100,103
135,135,97,97,167,167,100,100
136,136,97,97,**,**,100,103
137,137,97,97,163,163,100,100
138,138,97,97,159,163,103,103
139,139,97,100,167,167,100,103
140,140,97,97,159,159,100,100
141,141,97,97,159,163,100,103
142,142,97,100,159,159,100,103
143,143,97,97,163,167,100,103
144,144,97,97,167,167,100,103
145,145,97,97,163,163,100,103
146,146,97,97,167,167,100,100
147,147,97,97,159,163,100,103
148,148,97,97,163,163,100,100
149,149,97,97,159,159,100,103
150,150,97,97,159,163,100,103
151,151,97,100,159,167,100,100
152,152,97,100,159,163,100,100
153,153,97,97,159,167,100,100
154,154,97,100,159,163,100,100
155,155,97,97,159,159,100,103
156,156,97,100,163,167,100,103
157,157,97,97,159,159,103,103
158,158,97,97,159,167,100,103
159,159,97,97,159,167,100,103
160,160,97,100,163,163,100,100
161,161,97,100,159,163,100,100
162,162,97,97,159,163,100,100
163,163,97,100,163,163,100,100
164,164,97,97,159,167,100,100
165,165,97,97,159,167,103,103
166,166,97,97,167,167,100,100
167,167,97,100,159,167,100,103
168,168,97,97,159,167,100,103
169,169,97,97,159,163,100,103
170,170,97,97,159,159,100,100
171,171,97,97,159,159,100,103
172,172,97,100,159,167,100,103
173,173,97,97,167,167,100,103
174,174,97,97,159,167,100,100
175,175,97,97,159,159,100,100
176,176,97,97,167,167,103,103
177,177,97,97,159,159,100,103
178,178,97,97,167,167,100,103
179,179,97,97,159,167,100,100
180,180,97,97,159,167,100,103
181,181,97,97,159,167,100,100
182,182,97,97,159,167,100,103
183,183,97,97,167,167,100,100
184,184,100,100,163,167,100,100
185,185,97,100,159,159,100,103
186,186,97,97,163,163,100,100
187,187,97,100,159,163,100,103
188,188,97,97,159,159,100,100
189,189,97,97,159,159,100,100
190,190,97,97,159,163,103,103
191,191,97,97,159,159,100,100
192,192,97,97,159,163,100,103
193,193,97,97,159,159,100,103
194,194,97,97,163,167,100,103
195,195,97,97,159,167,100,103
196,196,97,97,**,**,**,**
197,197,97,97,163,167,100,100
198,198,97,97,163,163,100,103
199,199,97,97,163,167,100,100
200,200,97,97,167,167,100,100
201,201,97,100,159,167,100,100
202,202,97,100,159,167,100,100
203,203,97,97,159,159,100,100
204,204,97,97,163,167,100,100
205,205,97,97,159,163,100,100
206,206,97,97,159,167,100,103
207,207,97,97,159,163,100,103
208,208,97,97,163,167,100,100
209,209,97,97,163,167,100,100
210,210,97,97,163,167,100,100
211,211,97,97,167,167,100,103
212,212,97,97,159,163,100,103
213,213,97,100,159,163,100,103
214,214,97,97,159,167,100,103
215,215,97,97,167,167,100,100
216,216,97,100,159,163,100,100
217,217,97,100,159,159,100,100
218,218,97,100,159,163,**,**
219,219,97,97,159,163,100,100
220,220,97,97,163,163,103,103
221,221,97,97,163,163,100,103
222,222,97,97,159,167,100,100
223,223,97,97,167,167,100,103
224,224,97,97,163,167,100,100
225,225,97,97,159,167,100,100
226,226,97,100,159,159,100,100
227,227,97,100,159,159,103,103
228,228,97,97,159,159,100,100
229,229,97,97,159,167,100,100
230,230,97,97,163,163,100,103
231,231,97,100,159,167,100,100
232,232,97,97,163,167,100,103
233,233,97,100,159,159,100,103
234,234,97,100,167,167,100,100
235,235,97,97,167,167,100,103
236,236,97,97,159,159,100,103
237,237,97,97,159,167,100,103
238,238,97,97,159,163,100,100
239,239,97,100,**,**,**,**
240,240,97,97,159,167,100,103
241,241,97,100,163,167,100,103
242,242,97,97,163,167,100,100
243,243,97,97,159,167,100,100
244,244,97,97,167,167,100,103
245,245,97,97,163,167,100,100
246,246,97,100,163,167,100,103
247,247,97,97,163,163,100,100
248,248,97,100,159,167,100,103
249,249,97,97,159,159,100,103
250,250,97,97,159,163,100,100
251,251,97,97,159,167,100,103
252,252,97,100,159,163,100,100
253,253,97,97,159,167,100,103
254,254,97,97,167,167,100,103
255,255,97,97,159,167,100,103
256,256,97,97,167,167,100,103
257,257,97,97,159,167,100,100
258,258,97,97,159,167,100,103
259,259,97,97,159,167,100,103
260,260,97,97,159,167,100,100
261,261,97,97,167,167,100,100
262,262,97,97,159,163,100,103
263,263,97,97,159,159,103,103
264,264,97,100,159,167,100,103
265,265,97,97,163,163,100,100
266,266,97,97,159,159,100,100
267,267,97,100,159,167,100,100
268,268,97,97,159,163,100,100
269,269,97,100,**,**,100,103
270,270,97,100,159,163,100,100
271,271,97,97,167,167,100,100
272,272,97,97,159,167,100,100
273,273,97,100,159,159,100,103
274,274,97,97,159,159,100,103
275,275,97,100,159,163,100,100
276,276,97,100,159,159,100,100
277,277,97,100,159,159,100,100
278,278,97,97,159,163,100,103
279,279,97,97,159,159,100,103
280,280,97,97,159,159,100,100
281,281,97,97,159,163,100,100
282,282,97,100,159,167,100,100
283,283,**,**,**,**,**,**
284,284,97,97,163,167,103,103
285,285,97,97,159,163,100,100
286,286,97,97,163,163,100,103
287,287,97,100,159,163,100,100
288,288,100,100,163,163,100,103
289,289,97,97,163,163,100,100
290,290,97,97,167,167,100,100
291,291,97,97,159,163,100,100
292,292,97,97,159,163,100,100
293,293,97,97,159,167,103,103
294,294,97,97,159,163,100,103
295,295,97,97,159,167,100,103
296,296,97,97,159,159,100,103
297,297,97,97,159,167,100,103
298,298,97,97,159,167,100,103
299,299,97,97,159,167,100,100
300,300,97,97,163,167,100,103
301,301,97,97,163,167,100,103
302,302,97,100,159,159,100,100
303,303,97,97,159,163,100,103
304,304,97,97,159,167,100,100
305,305,97,97,159,159,103,103
306,306,97,97,163,167,100,100
307,307,97,97,159,159,100,100
308,308,**,**,**,**,100,103
309,309,97,97,159,167,100,100
310,310,97,97,159,167,100,100
311,311,97,100,159,163,103,103
312,312,**,**,159,159,100,100
313,313,97,97,167,167,100,103
314,314,97,97,159,167,100,100
315,315,97,97,159,163,100,103
316,316,97,97,159,167,100,103
317,317,97,100,159,167,100,103
318,318,97,97,159,163,100,103
319,319,97,97,167,167,100,100
320,320,97,97,159,167,100,103
321,321,97,97,167,167,100,100
322,322,97,97,163,163,100,103
323,323,97,100,**,**,100,103
324,324,97,97,159,163,100,100
325,325,97,97,167,167,100,100
326,326,97,97,163,163,100,103
327,327,97,97,159,163,100,103
328,328,97,97,163,167,100,103
329,329,97,97,167,167,100,100
330,330,97,100,159,159,100,100
331,331,97,97,159,163,100,103
332,332,97,97,163,167,100,100
333,333,97,97,159,167,100,100
334,334,97,100,159,163,100,100
335,335,97,100,159,163,100,100
336,336,97,97,159,159,100,100
337,337,97,97,167,167,100,100
338,338,97,100,159,167,100,100
339,339,97,97,159,167,100,103
340,340,97,97,159,167,100,100
341,341,97,97,163,167,100,103
342,342,97,97,167,167,100,100
343,343,97,97,159,167,100,100
344,344,97,100,167,167,100,103
345,345,97,97,159,159,100,100
346,346,97,97,159,167,100,100
347,347,97,100,159,167,100,100
348,348,97,100,159,163,100,100
349,349,97,97,159,167,100,100
350,350,97,100,163,167,100,100
351,351,97,97,167,167,100,100
352,352,97,97,163,167,100,100
353,353,97,97,167,167,100,100
354,354,97,97,159,167,100,100
355,355,97,97,159,163,100,103
356,356,97,97,159,167,100,103
357,357,97,100,163,163,100,100
358,358,97,97,159,167,100,100
359,359,97,97,159,167,100,103
360,360,97,97,159,163,100,100
361,361,97,97,163,167,103,103
362,362,97,97,167,167,103,103
363,363,97,97,167,167,100,100
364,364,97,97,159,159,100,100
365,365,100,100,159,167,100,103
366,366,97,97,163,167,100,103
367,367,97,97,163,167,103,103
368,368,97,97,159,167,100,100
369,369,97,97,163,163,100,100
370,371,97,97,167,167,103,103
371,372,97,97,159,167,100,100
372,373,97,97,159,167,100,103
373,374,97,100,159,167,100,103
374,375,97,97,163,163,100,100
375,376,97,100,159,167,103,103
376,377,97,97,159,167,100,100
377,378,97,97,159,163,100,100
378,379,97,97,163,167,100,100
379,380,97,100,159,159,103,103
380,381,97,100,159,159,100,100
381,382,97,97,159,167,100,103
382,383,97,97,159,167,100,103
383,384,97,97,159,167,100,100
384,385,97,97,159,167,100,100
385,387,97,100,159,167,100,103
386,388,97,100,159,167,100,100
387,389,97,97,159,167,100,100
388,391,97,97,159,167,100,100
389,392,97,97,163,167,100,103
390,393,97,97,159,167,100,100
391,394,97,97,163,167,100,100
392,395,97,97,167,167,100,100
393,396,97,97,163,163,100,103
394,397,97,97,159,163,100,103
395,400,97,97,167,167,100,103
396,401,97,97,163,167,100,103
397,402,97,97,163,163,100,100
398,403,97,97,167,167,100,100
399,404,97,97,159,159,100,103
400,405,97,97,159,167,100,103
401,406,100,100,159,163,100,103
402,407,97,97,159,167,100,103
403,408,97,97,159,167,100,103
404,409,97,97,167,167,103,103
405,410,97,97,159,159,100,100
406,411,97,97,159,163,100,103
407,412,97,97,167,167,100,100
408,413,97,97,159,163,100,100
409,414,97,97,159,167,100,103
410,415,97,100,159,167,103,103
411,416,97,97,159,159,100,100
412,417,97,97,163,167,100,103
413,418,97,97,159,167,100,103
414,419,97,97,163,167,100,103
415,420,97,100,159,167,100,100
416,421,97,97,159,159,100,100
417,422,97,97,159,159,100,100
418,423,97,97,163,167,100,103
419,424,97,100,167,167,100,103
420,426,97,97,159,159,100,100
421,427,97,97,163,167,100,103
422,430,97,97,159,163,100,103
423,431,97,97,159,163,100,103
424,434,97,97,159,163,100,103
425,436,97,100,159,167,100,100
426,437,97,97,163,163,100,100
427,438,97,97,159,167,103,103
428,439,97,97,167,167,100,103
429,440,97,97,159,159,100,100
430,442,97,97,163,167,100,100
431,443,97,97,159,167,100,103
432,445,97,97,159,163,100,103
433,447,97,97,163,163,100,100
434,448,97,97,159,159,100,103
435,449,97,97,159,159,100,100
436,450,97,100,167,167,100,100
437,451,97,97,159,159,100,100
438,452,97,97,159,167,100,103
439,453,97,97,159,167,100,100
440,454,97,97,159,167,103,103
441,455,97,97,159,167,100,103
442,456,97,100,163,167,100,100
443,457,97,97,159,159,100,103
444,458,97,97,159,167,100,100
445,459,97,97,163,167,100,103
446,460,97,97,159,167,100,100
447,461,97,97,159,167,100,100
448,462,97,97,159,163,100,100
449,463,97,97,159,159,100,100
450,464,97,97,159,159,100,103
451,467,97,100,**,**,100,100
452,468,97,97,**,**,100,103
453,469,97,97,**,**,100,100
454,470,97,97,**,**,100,103
455,471,97,100,**,**,100,103
456,472,97,97,**,**,100,100
457,473,97,97,**,**,100,100
458,474,97,97,**,**,100,100
459,475,97,97,**,**,100,103
460,476,97,97,**,**,100,100
461,477,97,97,**,**,100,103
462,478,97,97,**,**,100,100
463,479,97,100,**,**,100,100
464,480,97,97,**,**,100,103
465,481,97,97,**,**,100,103
466,482,97,97,**,**,100,100
467,483,97,100,**,**,100,103
468,484,97,97,**,**,100,100
469,485,97,97,**,**,103,103
470,486,97,97,**,**,103,103
471,487,97,97,**,**,100,103
472,488,97,97,**,**,100,103
473,489,97,97,**,**,100,100
474,490,100,100,**,**,103,103
475,491,97,97,**,**,100,103
476,492,97,97,**,**,100,100
477,493,97,97,**,**,100,100
478,494,97,97,**,**,100,103
479,495,97,97,**,**,100,103
480,496,97,97,**,**,100,100
481,497,97,97,**,**,100,100
482,498,97,97,**,**,100,103
483,499,97,97,**,**,100,100
484,500,97,97,**,**,100,100
485,501,97,100,**,**,100,100
486,502,97,100,**,**,100,103
487,503,97,97,**,**,100,100
488,504,**,**,**,**,**,**
489,505,97,100,**,**,100,103
490,506,97,97,**,**,100,103
491,507,97,97,**,**,103,103
492,508,97,97,**,**,100,100
493,509,97,100,**,**,100,103
494,510,97,97,**,**,100,103
495,511,97,97,**,**,100,103
496,512,97,97,**,**,103,103
497,513,97,100,**,**,100,103
498,514,97,100,**,**,100,103
499,515,97,97,**,**,100,100
500,516,97,97,**,**,103,103
501,517,97,100,**,**,100,103
502,518,97,97,**,**,100,100
503,519,97,97,**,**,100,100
504,520,97,97,**,**,100,100
505,521,97,100,**,**,100,103
506,522,97,97,**,**,100,100
507,523,97,97,**,**,100,100
508,524,97,97,**,**,100,103
509,525,97,97,**,**,100,103
510,526,97,97,**,**,100,103
511,527,97,97,**,**,100,100
512,528,97,97,**,**,100,103
513,529,97,97,**,**,100,100
514,530,97,97,**,**,100,100
515,531,97,97,**,**,100,100
516,532,97,100,**,**,100,103
517,533,97,97,**,**,100,100
518,534,97,97,**,**,100,103
519,535,97,97,**,**,100,103
520,536,97,97,**,**,100,103
521,537,97,97,**,**,100,100
522,538,97,97,**,**,100,103
523,539,97,100,**,**,100,103
524,540,97,97,**,**,100,100
525,541,97,97,**,**,100,100
526,542,97,97,**,**,103,103
527,543,97,97,**,**,100,100
528,544,97,97,**,**,100,100
529,545,97,97,**,**,100,100
530,546,97,97,**,**,100,100
531,547,97,100,**,**,100,100
532,548,97,97,**,**,100,100
533,549,97,97,**,**,100,103
534,550,97,97,**,**,100,100
535,551,97,97,**,**,100,103
536,552,97,97,**,**,103,103
537,553,**,**,**,**,**,**
538,554,**,**,**,**,**,**
539,555,100,100,**,**,100,103
540,556,97,97,**,**,100,100
541,557,97,97,**,**,100,100
542,558,97,97,**,**,100,103
543,559,97,97,**,**,100,103
544,560,97,97,**,**,100,100
545,561,97,97,**,**,100,100
546,562,97,97,**,**,103,103
547,563,97,97,**,**,100,100
548,564,97,97,**,**,100,103
549,565,97,97,**,**,100,103
550,566,97,97,**,**,100,100
551,567,97,97,**,**,100,100
552,568,97,97,**,**,103,103
553,569,97,97,**,**,100,100
554,570,97,97,**,**,100,103
555,571,97,97,**,**,100,103
556,572,97,97,**,**,100,100
557,573,97,97,**,**,100,100
558,574,97,100,**,**,103,103
559,575,97,97,**,**,100,100
560,576,97,100,**,**,100,100
561,577,97,100,**,**,100,100
562,578,97,97,**,**,100,100
563,579,97,97,**,**,100,103
564,580,97,97,**,**,100,100
565,581,97,97,**,**,100,103
566,582,97,100,**,**,100,100
567,583,97,97,**,**,100,103
568,584,97,97,**,**,100,103
569,585,97,97,**,**,100,100
570,586,97,97,**,**,100,103
571,587,97,100,**,**,100,103
572,588,97,97,**,**,100,100
573,589,97,97,**,**,100,103
574,590,97,100,**,**,100,103
575,591,97,97,**,**,100,103
576,592,97,97,**,**,103,103
577,593,97,100,**,**,100,103
578,594,97,100,**,**,100,100
579,595,97,97,**,**,100,100
580,596,97,97,**,**,100,100
581,597,97,100,**,**,100,100
582,598,97,97,**,**,100,103
583,599,97,97,**,**,100,100
584,600,97,97,**,**,100,103
585,601,97,97,**,**,100,103
586,602,97,100,**,**,100,100
587,603,97,97,**,**,103,103
588,604,97,97,**,**,100,100
589,605,97,97,**,**,100,103
590,606,97,97,**,**,100,103
591,607,100,100,**,**,103,103
592,608,97,97,**,**,100,103
593,609,97,97,**,**,100,103
594,610,97,97,**,**,100,103
595,611,97,97,**,**,103,103
596,612,97,97,**,**,100,103
597,613,97,97,**,**,100,103
598,614,97,97,**,**,103,103
599,615,97,100,**,**,**,**
600,616,97,100,**,**,**,**
601,617,**,**,**,**,**,**
602,618,97,97,**,**,100,100
603,619,97,97,**,**,100,100
604,620,97,97,**,**,100,103
605,621,100,100,**,**,100,100
606,622,97,97,**,**,100,100
607,623,97,97,**,**,100,103
608,624,97,97,**,**,100,103
609,625,97,97,**,**,100,100
610,626,97,97,**,**,100,103
611,627,97,97,**,**,100,103
612,628,97,97,**,**,100,100
613,629,97,97,**,**,103,103
614,630,97,97,**,**,100,100
615,631,97,97,**,**,100,100
616,632,100,100,**,**,100,100
617,633,97,97,**,**,103,103
618,634,97,97,**,**,103,103
619,635,97,97,**,**,100,100
620,636,**,**,**,**,100,103
621,637,97,97,**,**,100,100
622,638,97,97,**,**,103,103
623,639,97,100,**,**,100,100
624,640,97,100,**,**,100,100
625,641,97,97,**,**,100,100
626,642,97,100,**,**,100,103
627,643,97,97,**,**,100,100
628,644,97,100,**,**,100,103
629,645,97,100,**,**,100,103
630,646,97,100,**,**,100,100
631,647,97,97,**,**,100,100
632,648,100,100,**,**,100,100
633,649,97,97,**,**,100,103
634,650,97,97,**,**,100,103
635,651,97,97,**,**,103,103
636,652,97,97,**,**,100,100
637,Blank,**,**,**,**,**,**
638,Blank,**,**,**,**,**,**
639,Blank,**,**,**,**,**,**
640,Blank,**,**,**,**,**,**
641,Blank,100,100,**,**,**,**
